"","Year","Country","All Industries","Mining","Utilities","Total Manufacturing","Food Manufacturing","Chemicals Manufacturing","Primary and Fabricated Metals Manufacturing","Machinery Manufacturing","Computers and Electronic Products Manufacturing","Electrical Equipment, Appliances, and Components Manufacturing","Transportation Equipment Manufacturing","Wholesale Trade","Information","Finance (except depository institutions) and Insurance","Professional, Scientific, and Technical Services","Other Industries"
"1",1999,"Africa R",1247,1042,-1,142,10,2,6.96234948489521,1,0.406030828948133,10.2480016673383,1,-271.178906059884,397.638158523349,76.9684361052541,376.691373009387,1372.60257384137
"2",2000,"Africa R",3020,2461,-1,167,33.1821648712719,18,25.0175105925812,1,35.1102015936989,2,0.373886041576043,61,-26,23,39.6133930800663,676.083887568053
"3",2001,"Africa R",2415,2042,288.969933821931,185,110.740231865386,21,15,1,72.243376127655,2,8,81,-29,61,4,812.969175999363
"4",2002,"Africa R",3022,2801,236.563117832599,288,34,15,16,1,-35.1711373754576,2,7,11,-29,-23.0633721380344,4,-332.053408103532
"5",2003,"Africa R",4089,3674.57039106949,369.007887580307,445,134,48,18,1,-43.0265804917554,2,5,29,-31,-304.946129792952,4,42
"6",2004,"Africa R",7122,2674.3146428922,165.63196926613,563,14.3615448917404,9,27.1117279726875,1,0.278745877556503,0,12,471.674540256872,5,-148.075897914405,-32.8050355881999,-169.577444753183
"7",2005,"Africa R",12550,2033.8691234191,623.51021950064,371,20.7561272221861,10.1868582989928,17.3488392339406,-56.0876786422934,0.146525549818762,0,5,-134.192690278494,5,-1161.20308515769,-1,964
"8",2006,"Africa R",15189,3011.78909119525,-0.173803579236665,260,26,53.5327866965907,6.80247685732082,1,-15.5441625960925,0,34,85.7529521260589,4,-215.275253779817,-1,917
"9",2007,"Africa R",2954.09140737833,2316.47531965566,17.5812864522738,242,40.9190861194849,16.8590129840365,16.3095740969584,1,-21.5451432566757,0,38,84.3422881165551,4,-348.363236316509,47.0557494703531,591
"10",2008,"Africa R",23551,2367.03249012493,485.215566294649,393,36,77.3730943637416,36.6394035870848,-16.6436748372821,28.7555719380065,0,37,50.2199603798464,4,618.390811375143,270.091391337953,1222
"11",1999,"Argentina",493,257,43,241,72,64,16,-9,1,-29,-94,-66,51,15,-44,-6
"12",2000,"Argentina",456,703,104,84,44,20,19,22,4,-33,-101,-33,-327,137,-4,-208
"13",2001,"Argentina",-478,841,-25,-238,-24,56,27,24,0.190429244772531,-29,-404,-132,-534,158,-2,-545
"14",2002,"Argentina",-355,884,-220,-553,79,-510,-10,19,0.406987890601158,-28,49,-7,-262,90,-25,-262
"15",2003,"Argentina",1024,876,109,415,136,75,-22,-39.2626923438926,0.233289410243742,-33,29,180,-110,-297,-25,-124
"16",2004,"Argentina",1814,1147,99,779,124,299,7,29,3,19.5190072497396,122,243,-199,64,-6,-314
"17",2005,"Argentina",2526,1355,107,1087,122,545,-15.3231275102806,24,3,4,136,157,-240,102,16,-58
"18",2006,"Argentina",3554,2228,111,935,126,461,10,39,5,4,173,132,73,104,14,-41
"19",2007,"Argentina",3447,1469,370.545170452306,1406,233,512,-1,33,6,5,302,179,125,178,14,-154.141814855128
"20",2008,"Argentina",3457,228,409.961557503257,2542,918,858,13.719310543483,23,6,5,297,240,205,110,4,-257.55102206285
"21",1999,"Asia and Pacific R",153,315.298086794856,45.3409477003629,17,10,0.12350230186712,0.336838539107703,-1,102.475837181135,0,-5,27,170.700965542756,-132.551319961179,-30.5309154735401,489.270155439746
"22",2000,"Asia and Pacific R",391,592.254451900498,-105.345391682475,10,73.0853671254904,10,0.323754565091804,-1,1,0,19.5857420425643,28,-1,1069.71532853412,4,33.6340980134577
"23",2001,"Asia and Pacific R",799,703.736836837453,63.2476177189012,33,97.4142316555163,11,0.129657970974222,-1,1,0,-91.0117351641278,-256.241924770402,-1,19,5,-831.589923561705
"24",2002,"Asia and Pacific R",523,405,144.379295298265,53,0.475123966570067,18,0.30586410977412,-1,1,0,143.982684124052,-105,-1,21,5,-185.252271983713
"25",2003,"Asia and Pacific R",830,438,-46.2475354439028,57,45.6368558885655,32,0.392865097383037,-1,1,0,735.908471404934,123,-1,73.4155121322744,4,153.025036991634
"26",2004,"Asia and Pacific R",1117,432,78.9157506150419,75,34.6823012932005,23,20.2550294839319,1,0,0,304.686904204103,106,5,36,1,-488.363747130185
"27",2005,"Asia and Pacific R",1459,366,45.6557998320343,115,53.3886032413366,23,27.1245748325821,1,-29.6879103555045,0,220.201724957943,156,5,33,1,400.932903715618
"28",2006,"Asia and Pacific R",2084,409,184.902754723516,157,37.7892041144079,50,-1.70138719474303,1,-25.2029022651506,0,195.690211258377,85,6,59,1,-776.638403572033
"29",2007,"Asia and Pacific R",2212.15891000528,562,-65.3826450683946,191,85.3328557743065,37,-21.0378021041492,1,99.6924598058835,0,-73.1829438970371,188,180.881514589142,68,9,1078.66004048453
"30",2008,"Asia and Pacific R",3070,1229,-259.98375095231,224,55,49,17.0264267496363,1,374.750267246746,0,146.611418057474,185,0.457729228623066,59,7,288.773813186961
"31",1999,"Australia",3330,902,193,1558,234,242,520,-37,108,4,247,311,-42,298,114,-4
"32",2000,"Australia",4120,1289,131,2080,379,237,933,-1,84,7,321,387,-100,272,190,-130
"33",2001,"Australia",3035,1404,124,1949,241,323,928,91,41,31,217,33,-478,276,92,-365
"34",2002,"Australia",2834,1106,235,1425,-118,343,579,74,5,37.2495026809208,175,185,-256,359,174,-394
"35",2003,"Australia",4599,1435,74,2298,289,514,614,96,-60,29,377,497,35,479,285,-503
"36",2004,"Australia",7438,2234,935.290786439641,2912,305,474,761,95,47,24,467,810,167,1033,331,-610.812993277331
"37",2005,"Australia",10364,3187,937.752704848249,2919,421,362,956,154,5,35,213,966,488,1821,413,-735.773357422009
"38",2006,"Australia",11317,4142,1259.48248447737,3578,546,398,1656,205,47,16,-152,1076,1051,1599,91,-1909.81727642464
"39",2007,"Australia",11958,3127,1089.69588394562,4143,396,672,1700,253,20,96,42,1368,679,2010,449,-178.46793758617
"40",2008,"Australia",13809,7030,472.880878382199,3448,393,433,1438,234,48,127,-10,1208,618,1024,557,-1156.0630406718
"41",1999,"Austria",753,0.0292063949164003,0,592,69,35,8,16,98,-51.3698113002219,289,149,-3,1,-26,41
"42",2000,"Austria",828,0.0221646915888414,0,561,61,55,4,10,103,28.0085007267789,230,185,-35,21.204708531802,41,704.525394193199
"43",2001,"Austria",684,0.0401816650992259,0,401,44,28,2,28,82,136.070266257886,189,186,-65,2,84,76
"44",2002,"Austria",740,0.0515240660170093,-45.6020562148676,517,71,171,3,28,166,19.2374433894343,38,197,-91,3,34,758.532930671838
"45",2003,"Austria",1023,0.156859531998634,189.971784233375,457,79,39,6,40,231,44.7723270370561,15,402,174.182975454155,41.068329078693,44,47
"46",2004,"Austria",1260,0.313320676796138,236.286480545569,697,103,59,6,46,240,26,150,334,84,60,36,458.013541875429
"47",2005,"Austria",1344,0.405661390861496,40.9212328320284,563,70,64,23,72,145,9,115,325,129,138,44,-173.402667455362
"48",2006,"Austria",1207,0.0833043006714433,130.395680008759,680,86,55,21,97,119,21.8684484217697,132,306,4,94,80,138.397434767008
"49",2007,"Austria",1291,0.274135577376001,0,902,109,90,48,214,139,29.351854442459,78,307,-144,115,54,57
"50",2008,"Austria",1051,0.232428458402865,0,914,108,40,29.2329239659143,228,190,117,78,118,-165,28,-17,172
"51",1999,"Barbados",1328,60.1777100890654,0,22,-8.06394539636831,112.574052336164,0,17.3960314796942,118.182668043721,-27.0063776412583,-3,229,144.096672409177,985,21,40
"52",2000,"Barbados",2320,-30.1347551674591,0,26,3,0.199712820467539,0,8,2,4,-4,1886,152.150908814482,333,52,-16.6271301922866
"53",2001,"Barbados",1521,0.279299746034667,0,70,4,0.260837019653991,0,8,28.1308255773724,4,-4,1074,443.747764875414,236,45,184.842550931051
"54",2002,"Barbados",1657,0.35257067065686,0,82,4,0.43583570595365,0,9,7.30379827544906,4,-4,1422,-4.96295325025317,147,53,1182.4133915039
"55",2003,"Barbados",1926,5,0,116,4,0.437577236676589,0,0.452372696599923,101,5,-4,1325,517.915558841675,191,19,-234.756755081273
"56",2004,"Barbados",1959,4,0,125,31.6067846811008,0.376665445044637,0.336178295896389,0,115,0,3,1522,633.655532701856,266,45.9579205708807,-563.426454108715
"57",2005,"Barbados",1019,5,0,98,10.8520617535793,0.393809389322996,0.331813329365104,0,102.228812278563,0,3,531,-247.457602327822,307,622.737280609988,85
"58",2006,"Barbados",3141,6,0,133,-7.45558304945322,0.224691804149188,0.294098715763539,0,22.9284455469012,0,3,2253,293.053118137103,378,866.313838836571,1103.24898620675
"59",2007,"Barbados",3128,-3,0,127,31.1833502639969,0.272811148082837,0.166973249753937,0,83.797990474109,0,3,2213,289.51760638714,325,783.169341217624,645.84916483207
"60",2008,"Barbados",4314,-3,0,29,31.0562361844426,0.163694535149261,0.120485162246041,0,42.9818724520602,0,3,3005,1121.33169387159,993,555.555128826509,290
"61",1999,"Belgium",3033,-14.1304865826079,0,1725,74,1111,45,113,-3,54,126,549,34,348,139,-959.631777049235
"62",2000,"Belgium",3959,0.235164109035395,0,2054,89,1086,50,89,4,62,178,513,37,636,259,460
"63",2001,"Belgium",3787,0.182315653539263,0,1501,79,946,-21,32,4,53,36,866,-182,1327,9,267
"64",2002,"Belgium",4630,0.441289127222262,0,2364,145,1405,-5,54,4,82,128,707,-173,1539,-32,223
"65",2003,"Belgium",6069,-1,0,2118,169,1134,23,58,36,-45,91,964,-145,2177,547,409
"66",2004,"Belgium",5190,0.571176436713552,0.137117895879783,2251,218,1344,38,113,13,-27,57,815,-77,2434,-474,-799.995573798981
"67",2005,"Belgium",7764,314.108200877493,0.0453839391702786,2960,307,1297,11,482,12,56,137,1857,9,2943,-882,-948.186435307535
"68",2006,"Belgium",6695,302.285957900526,0.340972644276917,2749,273,1381,48,105,6,78,129,1278,41,2598,-838,-47.3120288711312
"69",2007,"Belgium",8260,834.178543632591,0.321999540785328,3129,177,1354,30,161,-9,63,192,1709,-33,4610,-1361,9755.5402060924
"70",2008,"Belgium",7988,1980.62132283124,0.38157681748271,1846,244,422,109,176,1,59,118,1445,-35,6305,-1801,-2672.92607038027
"71",1999,"Bermuda",3733,-5,0.380285027204081,78.2881632013959,0.0566670154221356,0.0171661213971674,0,78.2143300645766,0,0,0,941,263.520761388413,2776,17,3
"72",2000,"Bermuda",5488,-6,0.121634564595297,95.5540007080828,0,0.263043265556917,0,95.2909574425259,0,0,0,1570,83.4357563937568,3269,15,666
"73",2001,"Bermuda",5826,-5,0.0618032746715471,9.24768526505059,0,0.350281149148941,0,8.89740411590165,0,0,0,1489,21.4219191643428,3349,-23,1059
"74",2002,"Bermuda",4524,6.21062327783571,0.377300032530911,-32.9493256055514,0,0.387911410420202,0,-33.3372370159716,0,0,0,1849,-33,2451,1,227
"75",2003,"Bermuda",6336,-27.096627779036,0.161362085840665,45.8109025826951,0,0.0585107558872551,0,45.7523918268079,0,0,0,2348,18,3154,165.966488895065,691
"76",2004,"Bermuda",8276,9.13490281230648,0.339968994143419,120.440941967607,0,1,0.271152681321837,118.169789286285,1,0,0,1775,32,3980,165,2273
"77",2005,"Bermuda",8745,43.6890580441049,0.217944888048805,102,0,-32.499458574701,0.315909728058614,10.243269679734,104.361886517972,0,0,2143,132.223714234559,4168,204,2119
"78",2006,"Bermuda",9997,80.9456421745786,0.396360498154536,272,0,367.832717657795,0.186541888513602,67.1495075430472,35.6390284828844,0,0,2365,61,4997,193,5191.77748780242
"79",2007,"Bermuda",10471,30.9887584692998,0.455561692360789,454,0,119.290976323519,0.399873702204786,79.3830730354342,-61.688272975735,0,0,3850,22,5093,42,1832.86334189061
"80",2008,"Bermuda",11879,106.47423609593,0.189190172008239,375,0,208.672054235704,0.494871895294636,114.959598004348,74.6588127514395,0,0,3958,87,5120,9.03629675839384,1737
"81",1999,"Brazil",967,164,41,908,42,781,110,138,-712,-59,-215,9,-352,77,344,-223
"82",2000,"Brazil",3051,19,284,2304,54,471,255,465,7,22,63,274,26,329,123,-307
"83",2001,"Brazil",-676,-113,354,343,25,120,206,98,14,-33,-878,-55,-1142,201,121,-386
"84",2002,"Brazil",-2598,-12,-1230,667,93,52,273,211,-46,2,-493,-82,-1549,81,36,-510
"85",2003,"Brazil",948,2,155,1593,155,551,240,275,2872.91441743452,-21,-434,45,-502,105,39,-490
"86",2004,"Brazil",3283,-17,36,2861,155,711,232,440,71,21,112,183,119,270,48,-218
"87",2005,"Brazil",3180,-8,190,2117,149,-280,304,138,235,40,151,229,114,347,267,-75
"88",2006,"Brazil",5484,-35,-651.24817518328,4186,221,902,326,94,186,212,918,390,96,458,308,1735.34561169968
"89",2007,"Brazil",9371,270,-114.328739892055,7030,-266,2015,491,299,306,318,1997,604,302,708,453,1893.56019707609
"90",2008,"Brazil",13062,343,-591.769228295738,9456,389,2530,525,377,129,457.015652719596,2994,1015,675,622,500,-435.535810499205
"91",1999,"Canada",18876,1446,177,11576,614,1254,489,376,745,218,5055,1664,226,1740,261,1787
"92",2000,"Canada",22782,3171,109,14377,670,1913,565,428,1032,262,4732,1635,68,1774,322,1326
"93",2001,"Canada",18526,3406,132,9530,636,1799,576,505,496,112,2073,1361,76,2286,-25,1762
"94",2002,"Canada",16693,3228,161,8052,655,2083,431,452,108,179,1116,1197,185,2225,-129,1775
"95",2003,"Canada",22778,6798,307,8345,786,1790,529,483,481,124,521,1900,124,3091,-16,2228
"96",2004,"Canada",31032,8100,276,13423,1393,2169,674,331,811,146,1278,2412,470,3729,246,2375
"97",2005,"Canada",35371,13775,210,9664,1274,1051,580,381,416,200,137,2732,574,4265,1338,2813
"98",2006,"Canada",30360,11139,-786,10201,1308,2085,728,612,58,183,-173,3106,603,2928,927,2243
"99",2007,"Canada",32010,12006,-79,9800,1261,2214,1147,572,234,157,-831,3739,400,2968,1271,1906
"100",2008,"Canada",35052,12311,-193,9098,875,3333,905,710,670,190,-1041,3888,491,4305,1780,3373
"101",1999,"Central America R",221,0.435999320819974,-174.749945270066,91,17.0064023841441,79.0558739248178,48.1695682351533,0,1,0,0,38,-257.540795403769,39.7146247007055,-55.8150030476427,-628.73259958844
"102",2000,"Central America R",226,-70.6834190220118,85.9077283533165,72,23,17,-6,0,64.9522890366043,0,0,20,16,6,2,3
"103",2001,"Central America R",232,-48.6536587266724,164.631192858136,144,24,23,-6,0,177.90461119512,0,0,5,-13,-1,-14.1288774979444,522.49954053229
"104",2002,"Central America R",192,0.367205379414372,307.451916365538,121,25,22,-6,0,171.690220765453,0,0,11,-2,0.165443179546855,1,-222.854668424919
"105",2003,"Central America R",257,-3.38545287823078,99,127,23,15,-7,0,67.0331767516406,0,0,17,2,-4,1,-90.0569891392824
"106",2004,"Central America R",283,105.733939075023,-37.4622281123449,94,40.6948267082266,184.723053114072,1,0.493341161170974,81.4712769489416,0.340104446280748,100.658746253686,19,10,128.778811071211,3,28
"107",2005,"Central America R",489,52.1384543101635,151,121,123.645996172925,-19.7808160075604,1,0.440536077832803,82.1607258638545,0.178759353701025,-383.78510962934,43,12,309.516100778373,3,142
"108",2006,"Central America R",463,4,-22.148949226225,141,119.469279894295,12.8981622369671,1,0.325203145504929,247.194273276327,0.49206398287788,251.989987219075,44,7,255.509974619289,3,141
"109",2007,"Central America R",489,4,57.3113191228091,191,68.3407967225565,2.42953891976276,-6.85773261006841,47.6697024895263,160.264867284374,0.378663726034574,80.3254255020123,40,-207.156841584771,-99.3935346264366,3,-422.774715167749
"110",2008,"Central America R",464,4,132,188,70,-38.9352148179718,1,0.409403282566927,212.507533935542,0.195213372353464,-97.7423814469694,18,1154.76515842355,86.1264747610656,2,-797.636667364505
"111",1999,"Chile",751,394,133.817424255074,201,10,65,15,-8,0.408217485179193,105.873484229561,162.378190598726,30,-79,232,12,-912.606696895308
"112",2000,"Chile",332,123,321.718456722003,232,6,86,15,0.170148223172873,0.449134638765827,3,-364.796717110064,38,-105,140,12,277.077747661983
"113",2001,"Chile",236,314.373437063064,49,270,0.406602559261955,130,15,0.354146883240901,0.146589003619738,3,18,35,-96,121,10,-310.335043863093
"114",2002,"Chile",247,205.540490785381,87,233,7,88,6,-2,0.245919025386684,3,55.094238606098,43,-31,65,7,-598.829013823989
"115",2003,"Chile",631,201.750889531902,156,276,11,131,5,0.00576559163164347,0.305874924408272,1,108.128090347377,57,-3,73,15,-603.043820166221
"116",2004,"Chile",1227,183.817397431152,160,303,14,123,-5.13578114311763,4,-13.0606098350514,0.035394745413214,358.38055065976,103,61,60,20,168.980519455473
"117",2005,"Chile",1445,245.512212049796,258,346,86.6514954579659,124,-6.92686842372549,7,106.424135448414,0.495410452829674,1055.66627393044,107,24,-26,18,1401.25470310303
"118",2006,"Chile",2246,177.608861164446,366,352,42.9918227811661,105,32.7831984040994,10,100.633467032282,0.139262989861891,1282.46663844094,132,35,58,17,131.318629633748
"119",2007,"Chile",9397,459.860929635945,470,488,17.9998384281705,153,26.2907302653999,13,202.541066275852,0.389531593304127,438.571602612105,132,97,68,29,114.447676210759
"120",2008,"Chile",5095,238.449632871524,29.0211624339611,562,46.2178567354141,198,40.6458423137467,21,100.318822378037,24.1952148594982,622.261235046907,139,123,96,28,105
"121",1999,"China",1157,105,14,1190,25,217,15,14,806,67,9,-57,7,-419.718666630387,-2,-385.28554169015
"122",2000,"China",1924,301,28,1721,43,152,21,40,1257,65,49,-28,-20,-491.707991984065,-3,273.909873055397
"123",2001,"China",2157,106,0.329137157881632,1974,72,290,10,73,1348,18,60,169,73,8,-10,-163
"124",2002,"China",2952,209,58,2296,52,442,24,171,1176,147,171,340,48,-161.759600803251,14,-710.663241881345
"125",2003,"China",3598,234,29,2923,147,542,51,273,1021,184,178,436,42,53.7518831555954,35,-1183.42462575116
"126",2004,"China",5343,856,48,3759,141,589,110,369,1081,241,206,583,27,-256.106883310737,127,-1219.60715250795
"127",2005,"China",7999,1469,45,5673,182,1260,156,456,2743,286,182,304,11,46.9785647045128,226,-1757.42304218877
"128",2006,"China",8318,1146,-136.797559322518,5645,253,1187,106,623,2334,295,331,753,50,61,309,-1768.35377113364
"129",2007,"China",9005,1140,-76.320626057322,5874,247,1271,112,783,2201,351,302,1126,52,245,318,-1260.62075321084
"130",2008,"China",10784,1834,74.5327689795041,6526,419,2303,89,846,1950,365,236,1447,153,232,412,-1242.33097882296
"131",1999,"Colombia",702,333,141.841463790187,235,60,119,10,0,0.190010688500479,29.6997645565787,420.293746478433,14,1,15,41,-283.059682075309
"132",2000,"Colombia",873,522,1,253,63,82,0.204495251644403,0,0.267852648627013,1,490.749872629091,155,-102,12,14,19
"133",2001,"Colombia",530,333,1,226,46,78,0.238494333345443,0,0.44935396569781,1,6,6,-102,23,7,36
"134",2002,"Colombia",772,461,1,263,86,54,0.496710200910456,0,1,2,277.86416843474,12,-32,27,11,30
"135",2003,"Colombia",733,386,1,213,46,75,0.288296366343275,0,1,2,206.032549232189,74,-16,47,8,21
"136",2004,"Colombia",995,422,0,311,24,127,2,22.7885780881364,15.4890370247255,50.028435680472,364.422756730918,86,-16,42,6,144
"137",2005,"Colombia",1443,569,0,438,46,151,9.63341050340182,50.3321617109963,-70.0308172043934,1.27418629656847,767.526795346701,173,-3.70933490951465,82.3902913217225,3,212
"138",2006,"Colombia",1470,565,0,564,54,177,2,98.4429642812633,145.578787923658,-43.0019202222889,277.092494598798,132,115.785418744277,58,44.8869501360678,155
"139",2007,"Colombia",1874,809,0,713,51,218,2,65.9814949441019,-13.9816094199234,85.6917804004932,1045.38205159887,91,-19,52,13,214
"140",2008,"Colombia",2137,967,0,772,58,293,2,74.2339335672533,53.7966800518402,1.34532848219554,-40.446201973424,121,-20,52,5,239
"141",1999,"Costa Rica",72,0.392328734975308,0,166,25,18,-18.7363872142892,0.293965925578959,33,17,0,-83,4,-4,0.384067109785974,-10
"142",2000,"Costa Rica",148,0.400713634560816,0,165,29,11,6,-2.44759537605399,55,25,0,-2,5,-1,-3,-16
"143",2001,"Costa Rica",179,0.274241752573289,0,179,30,11,7,-7.69122216404714,19.3838966899063,14,0,-1,6,-1,18.0864065526353,-334.899440309462
"144",2002,"Costa Rica",76,-51.5010735515484,0,199,31,6,6,0.399796074605547,157.269299775859,12,0,-26,6,-2,-1,389.499484116294
"145",2003,"Costa Rica",488,0.0623523150570691,0,205,34,6,7,0.128658363595605,20.626885475193,12,0,244,7,-4,16,20
"146",2004,"Costa Rica",400,0,103.994635634781,282,13,1,2.71471956173872,0,13.9464963462265,4,0,93,4,0,15,-235.593252196732
"147",2005,"Costa Rica",495,0,43.1943455483022,397,12,-2,8.33233162472286,0,205.747738456885,5,0,62,4,0,20,223.165133550468
"148",2006,"Costa Rica",511,0,-56.2945955975572,505,13,116,-8.96000405460203,0,46.6156733658232,9,0,-25,4,0,14,590.627726640575
"149",2007,"Costa Rica",574,0,305.851385360386,575,16,113,-16.0177420516123,0,-17.70720697452,10,0,149,154.484981219401,0,30,488.093691599373
"150",2008,"Costa Rica",495,0,-49.7353132769405,431,15,138,0,0,94,6,0,244,56.7151497561125,0,34,354.58670584595
"151",1999,"Czech Republic",238,0.487755596986972,58.290119873641,227,0.00535176892299205,26,7,5,1,2,81,0.0819767320062965,-9,4,17,235.38400429741
"152",2000,"Czech Republic",306,0.344659413443878,44.4823235967033,195,1,25,10,8,1.0423626133909,3,38,100,-20,12,19,447.199473955431
"153",2001,"Czech Republic",482,0.257079459843226,-239.608007798992,357,2,36,9,10,151.940869052035,3,161,114,-20,20,-9,-39.0450144705192
"154",2002,"Czech Republic",368,0.430236850632355,-54.4017062178432,416,3,38,11,2,17,4,159,48,-122,31,-4,37.3742157666651
"155",2003,"Czech Republic",574,0.280165755539201,14,432,6,12,6,7,11,7,150,63,13,32,-2,21
"156",2004,"Czech Republic",782,-40.9456536254423,256.512916813717,532,10.9500503095772,39,9,6,19,17,197,100,54,62,-16,34
"157",2005,"Czech Republic",1161,29.8537189669357,-135.470963803254,802,32.7411985798909,90,11,5,18,23,248,112,31,72,14,123
"158",2006,"Czech Republic",1131,53.2187106405273,-68.3353396229249,580,-8.54219192608638,65,19,40,23,24,272,165,22,91,25,249
"159",2007,"Czech Republic",1114,0,23.4790737108276,789,38.522004929679,169,19,70,16,-16.8642543600277,290,176,3,144,20,1372.3428252146
"160",2008,"Czech Republic",1090,0,173.884427251918,799,22.1178252901112,191,17,114,50,6,261,142,11,147,26,-199.705968174443
"161",1999,"Denmark",718,187,0,197,85,23,4,-7,48,64.3787832335992,-103.369138594604,194,-4,95,28,21
"162",2000,"Denmark",811,724.717070511759,0,186,49.0199074925018,150.352430917053,5.77967114973952,69,36.4497639388809,38.1292542856151,706.89018592448,288,-52.6198054626364,202.92264995863,30,-229
"163",2001,"Denmark",395,648.175274202712,0,-2,33.0505505039608,-9.40923465809356,22.7248921213719,99.0119376761722,-29.712470029084,0.332311864593066,451.550878935892,224,9.47645408974554,47,41,-344
"164",2002,"Denmark",346,452,0,201,55.0965161201357,32.0555512489163,8,90.1268177756203,-15,0.159817598410882,-102.332625282992,-240.946038153591,12,25,37,-446.980287388884
"165",2003,"Denmark",774,770.86140868207,0,195,49.5872118049394,95.4638384571607,43.9541410411032,9.57385303537593,-61.1422955943973,0.475657759234309,-4,81,-22,204.771363207169,143,-169
"166",2004,"Denmark",1366,799,0,223,8,29,4,25,-5,18,268.167740298391,245,14,185,210,-310
"167",2005,"Denmark",1868,1023.43046323585,0,429,18,17,13,42,7,19,139.237531029117,167,37,244,144,-772.155104210479
"168",2006,"Denmark",2364,602.877398983896,-134.131644020113,397,23,18,18,59,42,17,-251.050272210411,231,35,99,169,1
"169",2007,"Denmark",2211,812.472890690852,0,523,30,41,17,-16,158,18,318.591675273947,230,22,119,61,-469.218067936178
"170",2008,"Denmark",7532,835.569508959005,0,442,108,22,5,84,52,19,19.2503525211401,211,90,166,52,391.883149217407
"171",1999,"Dominican Republic",494,0,37.1401266169318,197,11.9666930237347,312.325348969895,7.41421637188943,0,0,0,0,32,-257.872287154299,0.390870029572397,0.168386656790972,2
"172",2000,"Dominican Republic",511,0,154.340518749871,219,13,22,18.0879317443259,0,0,0,0,34,201.530012510946,0.0238361463416368,0.206901972880587,0.26416110387072
"173",2001,"Dominican Republic",519,0,31.815199959173,168,11,23,0.309897782397456,0,0,0,0,31,-299.704452445251,0.198017264017835,0.330838690861128,1
"174",2002,"Dominican Republic",489,0,-99.6029762531694,157,6,25,0.0862230475759134,0,0,0,0,21,338.373743801827,0.0843455895083025,0.428220720612444,1
"175",2003,"Dominican Republic",280,0,251.940245784722,213,9,13,-12.2652146984832,0,0,0,0,15,163.655743773205,0.364731249748729,-50.5213411241185,0.102230217773467
"176",2004,"Dominican Republic",258,0,-222,195,33.0896059999249,15,0.476635973667726,0,0,0,0,21,-217.734435972641,0,0.124965971568599,286.539243860583
"177",2005,"Dominican Republic",639,0,44.545415831033,282,45.6058651906739,103,-2.1174029849445,0,0,0,0,28,84.4785877136501,0,0.199594866950065,136.051178414422
"178",2006,"Dominican Republic",640,0,-210.160183666854,542,61.4604476277468,116,17.3190735067567,0,0,0,0,30,-150.068548830183,0,0.00191079266369343,1204.15505730578
"179",2007,"Dominican Republic",383,0,155.000113073205,343,27.5020695742979,80,3.39834733530826,0,0,0,0,29,-56.1444460169109,0,0.443727372563444,-839.160547428043
"180",2008,"Dominican Republic",449,0,189.786535164297,408,56.4196972262542,88,-8.28188763360378,0,0,0,0,25,112.028787788397,0,-132.833256769289,-5
"181",1999,"Ecuador",73,97,77.694592844994,-2,7,1,1.49563032841768,0,0,0,-197.88642426523,-9,52.7405592529005,262.648198135799,-103.827849993166,1
"182",2000,"Ecuador",101,145,15,24,9,-5,-4,0,0,0,218.3575319288,-36,-86.196978646608,-3,0.228799817035906,-326.594357639429
"183",2001,"Ecuador",46,71,222.069426223692,14,-14,-3,-4,0,0,0,20,-22,286.73256852173,-5,-1,791.295534225289
"184",2002,"Ecuador",128,78,5,38,-5,0.496665646322072,-4,0,0,0,77.3649064534102,0.0382499585393816,645.7500923288,-9,-1,-66.3149049238778
"185",2003,"Ecuador",234,159,3,66,4,-5,-4,0,0,0,431.079805915535,-12,237.509852187637,-7,0.416596797178499,46.5648466256348
"186",2004,"Ecuador",488,361,20.2911581807633,44,-4.66285530273731,11,-5,0.415441621444188,0.220711934845895,0,-46.8378647638743,36,-91.6817370801257,-75.1944768437791,1,-5
"187",2005,"Ecuador",630,525,10.6554028018135,52,52.6970966512198,6,-6.09333170215505,0.0783372313017026,0.0930171451764181,0,444.057740182065,54,0.035214165225625,-12.5819079028558,1,-4
"188",2006,"Ecuador",257,120,99.151678333113,93,7,14,9.59808391786567,0.0161848844727501,0.436553102452308,0,-158.967318508311,38,0.206171796424314,135.867625126843,2,0.25532523158472
"189",2007,"Ecuador",113,-37,168.552372648546,121,6,17,0.204283196595497,0.458211164106615,0.218397828401066,0,381.917771950699,37,-34.8992031173002,344.079282539265,-104.6494203001,6
"190",2008,"Ecuador",191,38,28.295133561836,90,5,27,0.0185476506594568,0.340576161863282,0.0165667766705155,0,376.23704129478,53,0.254806799814105,-69.246350499258,38.4979434405906,4
"191",1999,"Egypt",642,525,0,-33,-29.963648002769,23,15.2752198219822,20,0,-1,-3,80,261.560285306534,-20.2025575299134,22.5138212785781,69
"192",2000,"Egypt",807,776,0,-46,5,41,34.5185315792535,28,0,-1,-3,32,0.0130820202175528,0.38678441545926,1,44
"193",2001,"Egypt",772,729,0,-37,-9,-24,5,30,0,-1,-4,26,0.0920903857331723,-1,1,55
"194",2002,"Egypt",984,925,0,-52,-17,-2,5,32,0,0,-4,93,0.377231139922515,295.109255007779,1,105.69716505057
"195",2003,"Egypt",1066,1041,0,-51,-12,3,6,30,0,0,-4,57,0.0460937938187271,74.3237445166653,2,317.882112436183
"196",2004,"Egypt",1175,1116,0,-54,3.54069016252243,-16,10.9818153316847,16,2,27.7591442070536,0,35,4,162.599268935623,127.159734690984,66
"197",2005,"Egypt",1728,1602,0,-15,-29.2458392608268,8,26.126853661901,49.9277628627747,2,-7.78814335764704,0,53,4,130.525652217525,-14.1031013896008,76
"198",2006,"Egypt",2045,1901,0,24,-14,20,27.1977252401823,128.489259260337,84.8110959711217,-31.1871372117707,0,75,4,429.790794723438,-63.0309176691073,33
"199",2007,"Egypt",2463,2282,0,36,3,18,29.9715597457542,76.3296578484218,78.6225674842163,-18.0869518672828,0,99,4,-3.91940034449581,76.9971729951857,32
"200",2008,"Egypt",3422,3165,0,113,1,36,41.7932999298099,204.261758884634,-56.8940426454762,71.3649815584584,0,87,4,1088.97047499494,-103.878757286877,34
"201",1999,"Europe R",385,284,-29,18,-21,7,385.813346997883,-22.4427300911425,-1,-1.24490142541279,1,20,2,-95.9194620944093,20,-145.281844901215
"202",2000,"Europe R",1434,1262,-23,82,22.5880535194737,9,385.18483089885,0.408455006079748,-2,-26.4673124556755,4,18,0.102602750412188,85,3,7
"203",2001,"Europe R",1327,904,-90,236,1,10,437.119021074109,-2,-2,-75.6367898560555,816.649615972541,142,-21,61,6,89
"204",2002,"Europe R",1187,839,33,249,25.3641622412314,76,437.017219302924,0.0970043067354709,-2,28.4281634798704,142.564573235602,65,-82,42,6,36
"205",2003,"Europe R",2591,1997,-64.1022016985416,415,37.033399336077,156.278696593996,383.873647768398,28,-2,-2,-7,112,-68,49,8,-506.516057435437
"206",2004,"Europe R",4229,3087,-9.4990840602004,756,49,109.426096627483,430,18,-54.7899801454167,-2,29,243,71.8219209664204,-0.301258092927947,-53.717945427933,-1016.578702407
"207",2005,"Europe R",5773,4418,-61.8482156762447,1002,62,432.966609693589,543,21,9.68372787078176,-6,31,307,123.835853719175,586.093131267884,-118.934671926453,-1778.85036294268
"208",2006,"Europe R",8854,6686,45.4133215987141,1395,88,325.320682143151,755,23,-30,7,86,389,33,447.057451968938,671.525255114974,-3.6178422495399
"209",2007,"Europe R",13599,11295,-80.4703065865453,1581,56,367.950886931072,765,35,54,2,-38,680.595433961259,-18,101,290.790920653948,-538.5071380854
"210",2008,"Europe R",16116,14033,-83.7596297834533,1658,63,167.966197015296,611,31,44,11.7539487866279,-1,25.0212673708173,-93,94,642.441636311039,-473.832324318638
"211",1999,"Finland",550,0,0,384,45.7007833889456,101,21.3865200623295,7,172,0.0266212867572904,512.501122469882,132,-2,10,16,10
"212",2000,"Finland",589,0,0,363,2,47,42.266842801376,10,154,0.253579076263122,21,220,-6,10,16,-14
"213",2001,"Finland",542,0,0,288,2,62,26.9427692227097,11,101,3,18,209,-5,13,24,12
"214",2002,"Finland",509,0,0,237,2,64,56,10,48,13.3422126207536,17,214,-4,17,40,5
"215",2003,"Finland",493,0,0,104,3,20,31.2172494701621,11,22,4,21,292,3,7,50,37
"216",2004,"Finland",558,0,0,345,0,57,37.6842436670785,76,91,-12.1572739597664,5,137,38,14,55,-30
"217",2005,"Finland",559,0,0,339,0,44,11.2323008127086,129,131,40.0299415784499,94.4286645548008,75,38,16,81,11
"218",2006,"Finland",565,0,0,308,0,44,41.5925193446265,116,38,7.76521477131031,328.375512798274,164,39,43,104,-93
"219",2007,"Finland",892,0,0,594,7.92249299559316,59,22,158,118,-32.3094895814396,114.513590649599,243,41,45,111,-142
"220",2008,"Finland",844,0,0,538,-10.3407823877961,48,23,188,148,25.519675819973,-47.1205472539863,209,29,49,111,-92
"221",1999,"France",4591,85.5788317286748,0,3775,299,1564,108,405,417,110,392,359,-160,275,247,598.293934347195
"222",2000,"France",4870,3,0,3301,283,1454,-56,299,558,137,-117,1035,-281,423,213,176
"223",2001,"France",4385,-11,0,2830,317,1256,21,226,387,163,-195,1091,-199,295,150,229
"224",2002,"France",3840,7,-161.340527500931,2776,372,985,39,290,279,132,-34,715,-595.34167592776,432,-265,-229.830833222563
"225",2003,"France",6230,27,0,3478,383,1278,235,239,-198,84,588,1682,-330,806,232,334
"226",2004,"France",8522,40,-2,4676,506,1776,109,584,-28,171,419,2471,-79,849,212,355
"227",2005,"France",8431,49,-2,4685,391,1762,-235,848,517,157,-5,2718,-63,950,96,-2
"228",2006,"France",7425,18,-2,3771,324,515,72,984,447,159,-46,1955,348,1194,190,-50
"229",2007,"France",9042,33,-1,4895,415,1290,77,744,770,169,-36,2175,493,1330,289,-171
"230",2008,"France",8928,44,6,5870,417,1266,112,1117,729,135,-259,1811,440,1589,547,-1378
"231",1999,"Germany",7652,699.421961259119,218.885539246629,5622,490,937,270,494,1619,332,-128,757,441,427,265,2173.41035263553
"232",2000,"Germany",8965,557.816444241425,3.91091377173698,4402,347,1108,185,432,1085,299,-668,3483,11,368,541,-248
"233",2001,"Germany",8465,1072.06727168344,-48,5125,317,1022,298,389,924,367,197,3216,181,532,303,-688.994592520964
"234",2002,"Germany",5662,374,19,3573,299,1128,145,350,26,191,104,1864,27,503,317,-1015
"235",2003,"Germany",7273,1403.96615873708,13,3226,399,1488,317,441,-106,445,-1279,3017,142,2160,330,-776.116072351177
"236",2004,"Germany",6527,485,-434.158213180984,3502,312,1255,358,508,184,374,-1708,2735,107,941,416,10242.3172910334
"237",2005,"Germany",9969,477,-709.197752155818,5692,421,1677,351,818,847,363,-916,2368,460,1278,388,14096.0897948611
"238",2006,"Germany",13026,733,301.993860319448,8085,308,1895,527,1147,1300,718,-349,3235,534,831,314,-577.465529236803
"239",2007,"Germany",13597,402,-64.2254564275139,9822,308,1773,554,1373,1346,357,1488,1758,486,1601,586,-1878.77477999613
"240",2008,"Germany",14374,1351.93375940794,235.628942771297,9378,362,2228,708,1707,1618,371,-329,2327,501,1399,948,-1150
"241",1999,"Greece",326,0.157799876760691,0,168,32,108,57.6364491472357,0,0.462986504542641,0,0,115,-1,38,0.425800554337911,6
"242",2000,"Greece",222,0.11392777482979,0,133,24,84,15,0,108.08717483907,0,0,62,0.071480889688246,29,-1,0.301598660415038
"243",2001,"Greece",323,0.0389050394296646,0,102,14,59,13,0,-40.4778692857265,0,0,189,0.0601689275354147,35,1,-5
"244",2002,"Greece",290,0.0850389201659709,0,122,28,67,14,0,-27.0910497983861,0,0,153,-1,44,0.287953465129249,-29
"245",2003,"Greece",364,0.160547589766793,0,121,13,77,11,0,4,0,0,243,-1,44,0.169802892371081,-43
"246",2004,"Greece",568,2,0,189,18,146,22.8861170989687,2.904091263788,3.2718649251018,0,0,333,8,44,-1,-6
"247",2005,"Greece",451,2,0,193,26,116,12.6341260971012,-5.56080075819274,3.18369267597252,0,0,236,8,37,0.152947795228101,-25
"248",2006,"Greece",437,2,0,158,32,146,4.03119577339502,16.0666512349215,-23.7884467798167,0,0,249,8,47,5,-33
"249",2007,"Greece",638.074374572611,2,0,279,36,160,33.4586037460045,70.8340625212603,133.872236496741,0,0,325.074374572611,9,43,14,-34
"250",2008,"Greece",728,2,0,393,129,154,30.5452742279846,-21.3569927867344,49.2789854287201,0,0,309,9,40,11,-35
"251",1999,"Honduras",52,0,0.298810572712682,72,16,86.4451846955696,0,0,0,57.7969214780544,286.919899869295,8,0.0198560216231272,26.9061752960503,0,-1350.35919954553
"252",2000,"Honduras",116,0,0.163324788911268,103,24,3,0,0,0,1,226.599502597074,11,0.149832911440171,1,0,1
"253",2001,"Honduras",59,0,0.0179181391140446,58,16,3,0,0,0,1,-220.951549342845,10,0.282889607362449,0.461575330700725,0,-9
"254",2002,"Honduras",36,0,0.30584710475523,88,19,3,0,0,0,1,145.11041497919,18,0.119486896204762,0.326617183629423,0,-69
"255",2003,"Honduras",132,0,0.0729757039807737,98,18,4,0,0,0,1,-270.011569876961,34,0.0245815922971815,-1,0,1
"256",2004,"Honduras",98,0,0,58,8,-101.750918485987,-10.9377327463861,-12.8294498086779,0,0,40.0063784671667,23,-1,19.2794234141518,0.484646321623586,743.660159981084
"257",2005,"Honduras",166,0,0,72,9,-6.31099557147945,14.1448888415782,0.28467793634627,0,0,-184.212734502395,20,-1,12.0216406298784,0.39345279103145,-637.851322641569
"258",2006,"Honduras",178,0,0,76,8,-75.6192323983417,-17.7713864515756,0.229027093737386,0,0,-210.602486510912,19,-1,242.929738682607,0.360758585506119,-100.545737321016
"259",2007,"Honduras",-131.572987464659,0,0,89,12,87.4168844838351,0,0.315542675671168,0,0,47.1196802475104,7,-1,-34.2539255407151,0.403761289897375,-192.722823213841
"260",2008,"Honduras",127,0,0,50,-4.57197449572631,79.3214326593194,0,0.471467517199926,120.925416137797,0,323.296354016801,-18,-1,-343.696653419602,0.185871146270074,35.8459195942338
"261",1999,"Hong Kong",3276,0,359.720336576181,392,0.0982887278078124,19,-2,37,215,13,7,1254,52,559,152,1215.25449117394
"262",2000,"Hong Kong",3931,0,654.173409274818,690,0.486770105781034,27,-10,76,470,51,9,1699,42,661,234,1088.24844328554
"263",2001,"Hong Kong",3521,0,540,631,0.228752938448451,-19,-9,50,516,11,7,1699,37,323,91,199
"264",2002,"Hong Kong",3243,0,230.199654252812,188,-1,32,-31,70,-206,17,4,1163,51,961,19,2265.2535557006
"265",2003,"Hong Kong",4017,0,621.666013136284,487,-2,91,18,63,-88,40,5,2125,11,580,23,-23.7193201964592
"266",2004,"Hong Kong",3623,0.470908004557714,502.589108574852,566,27.2326483700224,126,29,63,-102,65,-284.201362442638,2276,44,984,175,773.469495285326
"267",2005,"Hong Kong",4385,0.337996839312837,325.695511584127,849,35.2613531842705,124,13,79,100,58,-322.956985292936,2381,30,941,597,1859.58752434149
"268",2006,"Hong Kong",5692,0.0560366179561242,256.733120019482,1065,81.4344354747526,100,6,99,262,47,-371.566016776123,2672,106,2049,577,1837.96620060782
"269",2007,"Hong Kong",7170,0.355707313749008,235.079297437989,1228,20.7679229763531,134,8,110,328,94,140.307889765178,2292,25,2140,603,329.068617540513
"270",2008,"Hong Kong",7506,0.209437709068879,-71.557456180084,1063,2.8872380867364,57,15,286,441,-127,-470.922537195477,2557,91,1994,731,2009.31758156342
"271",1999,"Hungary",382,0.073782499646768,3.99071409514218,262,19,-3,45,2,-78.9604814543578,45.421836437454,240,60,4,9,19,398.024564213796
"272",2000,"Hungary",197,0.47325176326558,686.200714911355,88,5,9,24.2815964459569,2,32.262903113241,104.132030238194,228,81,-21,4,21,701.935976303933
"273",2001,"Hungary",162,0.223905976046808,-123.673763866106,-32,18,18,33.4696767485117,2,135.463285160715,98,219,99,-45,12,78,1475.48795635622
"274",2002,"Hungary",420,0.396124863764271,98.0913322080773,329,26,-28,42.1206250911548,-6,-72,106,224,94,-80,10,84,264.917684877907
"275",2003,"Hungary",427,0.367543755215593,2.10792967703446,123,38,-20,43.3454677963281,-2,-66,4.46238333002766,80,270,-31,19,83,1560.54204167943
"276",2004,"Hungary",319,-3,93.0260829937799,-73,19,39,26.4973426830523,7,54.250164293147,17,-253,190,12,39,119,1472.40721303184
"277",2005,"Hungary",900,65.6387110896276,-238.953390572197,440,165,43,65.4714401950781,7,179.024757644028,53,45,173,28,50,145,30
"278",2006,"Hungary",1365,224.158848360848,-122.254626428706,423,67,35,66.1458422435438,26,150,-35,56,149,45,517,118,446.676431902426
"279",2007,"Hungary",2357,551.51898176461,-152.7515045535,1383,47,194,127.650560732323,840,95,-20,85,72,43,347.658867449244,170,43
"280",2008,"Hungary",2756,1148.53512565715,139.40154803897,1514,60,120,152.378273159861,934,94,-20,124,186,34,1585.43989878181,183,95
"281",1999,"India",92,70,-55,88,4,51,12,63,4,-5,-48,17,-24,1,25,-29
"282",2000,"India",288,123,-57.8708527939582,104,2,52,12,68,18,-8,-25,24,-30,4,23,-353.799942548995
"283",2001,"India",391,100,43,102,-17,137,22.9351967357429,52,20,-5,-39,95,38,33,27,-48
"284",2002,"India",328,-4,46,44,-4,117,46.2512024084018,55,-34,4,-24,116,57,48,60,-39
"285",2003,"India",595,12,-23,233,3,132,13,70,52,5,12,201,53,70,98,-49
"286",2004,"India",1049,37,-20,445,8,226,44,79,76,26,47,232,126,85,199,-54
"287",2005,"India",1466,64,0.296505256555974,437,9,237,43,96,118,60.2520778009288,-6,298,185,90,399,-7
"288",2006,"India",1913,47,0.300319094094448,564,20,235,53,95,78,21,75,248,270,173,627,-17
"289",2007,"India",2545,164,0.438838802627288,897,-4,351,57.4836090191823,257,71,50,63,365,239,155,664,61
"290",2008,"India",3587,141,0.213874931796454,1317,4,356,51.4122267848482,266,34,70.6962169914997,502,515,265,108,1155,87
"291",1999,"Indonesia",3108,2871,135,81,-8,68,-15.5311297254587,-16,150.565235855452,11.0429009737288,-2,6,0.224481721641496,-3,86.2515266862996,582.973336234191
"292",2000,"Indonesia",4153,3876,-61.2381239311756,112,0.0653224128764123,85,2.55089323184935,-12,-10,7,-3,24,0.428965852595866,-1,43,-477.411291870118
"293",2001,"Indonesia",3111,2796,122.49848729398,138,19,78,5,-8,-6,4,-3,-197.844655131533,0.279799606651068,9,15,-20
"294",2002,"Indonesia",3015,2966,-154,118,22,66,5,-8,-6,1,2,37,-1,30,3,16
"295",2003,"Indonesia",3870,3507,108,193,30,81,6,-3,-7,11.5407312682935,8,45,-1,42,-15,-9
"296",2004,"Indonesia",4237,3877,154,110,42,57,-3.99596463387701,-31.0466770272669,9.55924436930777,27.6231929098491,2,31,-3,80,6,-18
"297",2005,"Indonesia",4771,4063,-50.0531625898285,366,56,46,-6,9.5323902898985,126.355095452491,-2.8978109188778,0.390748614096083,31,-3,99,7,348.477813915659
"298",2006,"Indonesia",7468,6671,52.375134014736,511,34,70,-7,1.23208763993304,21.5789295276848,53.8539594975402,0.28234960034024,53,-3,113,9,-311.213453292641
"299",2007,"Indonesia",7485.25493857781,6477,429.586876636915,492,25,90,-8,27.8735826639606,162.304731811034,35.4450186423736,0.211322332732379,20,-3,114,54,-98.3319380591012
"300",2008,"Indonesia",7930,7005,462.032135488277,737,25,122,-9,18.2217423191319,-12.1899851026606,-18.1804353594088,0.284910488990135,1,-3,63,49,1983.53293280269
"301",1999,"Ireland",11273,-8,0.0688882782123983,10222,92,7146,37,68,1214,65,32,240,761,675,-88,-530
"302",2000,"Ireland",12482,-3,0.307352198520675,10457,93,7141,37,31,1618,89,19,462,1698,921,-190,-864
"303",2001,"Ireland",12714,-2,0.331069036619738,11216,153,6935,27,3,1941,84,29,654,1444,631,-127,-1101
"304",2002,"Ireland",18098,-1,0.394336832221597,16278,121,11879,27,3,2007,26,-107.893314859089,623,1536,901,98,-1336
"305",2003,"Ireland",23332,7,0.0955064831068739,17694,58,12114,31,29,2539,38,15,1375,2841,1148,274,-7
"306",2004,"Ireland",29592,153,0,18794,96,11399,20,54,2356,88,3,1464,3472,1300,780,3628
"307",2005,"Ireland",30751,220.422247310965,0,20129,30,10351,-2,150,4429,136,6,2516,3551,1261,1131,20086.4982828964
"308",2006,"Ireland",37855,260.191428124824,0,20496,179,9362,-2,48,5998,146,-17,2586,4159,1646,854,5275.41791409533
"309",2007,"Ireland",47320,74.9420500698519,0,21001,184,13293,-3,27,2271,49,57,4487,6393,2495,543,5180.59841963908
"310",2008,"Ireland",38421,274.182027225231,0,20908,168,13137,5,29,2195,136.260959371709,32,4884,4499,2227,1350,6782.23735746095
"311",1999,"Israel",519,0.112140522454865,0,434,78.2215405784625,-5,-0.511985699052423,25,412,-7,-7,32,40,-3,34,-17
"312",2000,"Israel",1187,0.126411341479979,0,1005,-12.9720453912869,-4,0.252020326675847,39,921,-8,-8,122,58,-8,26,-16
"313",2001,"Israel",1575,0.0888526396593079,0,1593,36.632970209191,-7,0.369740253314376,33,1529,-7,-7,58,45,-4,-84,-34
"314",2002,"Israel",896,0.0251430619973689,0,719,-31.2699283670102,-5,0.126938501256518,28,673,-6,-6,55,168,9,1,-57
"315",2003,"Israel",823,0.0149429292650893,0,520,13,6,1,6,361.332034056168,-8,0,75,182,8,33,4
"316",2004,"Israel",672,-7.89200437827905,0,336,32.7031440995108,8,0,17,271,-3.64846933681519,0,128,203,10,11,463.575802416941
"317",2005,"Israel",955,-0.805025191388586,0,529,1.96231803298768,-14,0,15,423,39.9763005608433,0,47,234,-158.259991320392,94,1
"318",2006,"Israel",1315,98.7177852620455,0,583,14.8787514397159,74.3437836751086,0,166,274,23.1451080025365,0,81,266,20,176.430695612324,-121.332244947155
"319",2007,"Israel",1368,346.662776999747,0,865,-0.385365286915044,178.675523942624,34.8620562963541,478,197,36.3476209020845,189.747917240889,154,103,-31.6874670233317,60,-1511.66347448331
"320",2008,"Israel",899,545.537700578884,0,1076,33.3365950934363,260.853994784241,36.4981637118604,623,221,93.995715814101,656.838023353211,-282,-51,10,29,-2148.96617263244
"321",1999,"Italy",3833,-29,-1,2726,293,923,115,273,328,44,236,665,22,154,70,226
"322",2000,"Italy",3414,-34,-2,2491,275,773,138,300,331,-59,155,707,14,84,105,48
"323",2001,"Italy",3597,-20,202.047833936939,2835,198,1040,114,353,515,-55,59,735,14,119,121,165.243181640626
"324",2002,"Italy",3251,-19,184.297323506819,2660,221,1054,88,328,501,-16,-7,642,-23,150,15,264.156096336604
"325",2003,"Italy",4627,-22,-115.234605950971,2748,278,960,97,327,134,82,96,1001,112,172,562,2542.34836690451
"326",2004,"Italy",3861,12,-248.415036292821,2979,291,982,105,439,177,150,74,891,-257,194,126,-710.615965273655
"327",2005,"Italy",4803,9,-189.323860330911,3256,259,962,139,555,157,81,55,1042,-38,244,177,-865.821777571904
"328",2006,"Italy",5189,12,107.579082633631,2937,250,489,219,702,213,72,-38,1400,-28,286,450,86.2638030216569
"329",2007,"Italy",6014,-2,6.55893174706141,3431,290,818,262,723,297,104,170,1196,338,169,314,-677.004639103805
"330",2008,"Italy",6152,-15,176.301382977998,3337,375,539,259,914,398,37,-4,1267,506,278,632,-740.544726122084
"331",1999,"Japan",9129,0.314243917935528,0,3230,-44,1165,16,171,960,23,31,1136,536,1729,2213,285
"332",2000,"Japan",10419,0.334050833713263,0,3774,-79,1122,33,218,993,34,21,722,654,2990,2027,252
"333",2001,"Japan",11067,3,0,3941,53,1222,37,221,410,46,81,1369,685,2972,1627,471
"334",2002,"Japan",11629,2,0,2860,25,981,25,146,146,42,141,892,614,5416,1449,398
"335",2003,"Japan",14075,1,0,3723,70,858,32,120,661,188,116,2094,697,5273,1734,552
"336",2004,"Japan",14960,16.269378565825,0,4452,21,1218,52,147,850,197,175,2175,663,5070,1908,896.056867897931
"337",2005,"Japan",16803,-23.6018000812903,0,4450,10,1620,-76,110,328,186,120,3049,617,6206,1618,2922.00502147211
"338",2006,"Japan",15718,192.919027312829,0,4682,14,1892,26,100,601,161,120,2595,681,5824,1339,1030.50112372531
"339",2007,"Japan",16277,21.9168285165529,0,4864,13,2000,34,110,708,155,64,2302,850,5619,1449,1969.04091589452
"340",2008,"Japan",17830,90.4506923061663,0,4385,10,1868,38,236,365,-97,61,2944,867,6803,1944,2300.86330715347
"341",1999,"Korea, Republic of",1143,0.326342389336787,0,548,35,109,5,33,89,-1,80,443,19,69,41,23
"342",2000,"Korea, Republic of",1591,0.0252375460695475,0,842,43,143,8,64,207,-1,135,250,96,132,236,34
"343",2001,"Korea, Republic of",1265,0.475554903619923,0,518,26,116,8,71,-34,19,128,272,101,126,210,39
"344",2002,"Korea, Republic of",1657,0.412051066290587,0,885,58,146,7,104,107,-23.1413136527557,161,293,44,210,234,-7
"345",2003,"Korea, Republic of",1953,0.181876985821873,0,1001,65,163,5,134,197,9.17088294653152,159,274,74,370,226,7
"346",2004,"Korea, Republic of",2463,0.299664817634039,-3,1316,37,231,41,82,449,52.1187654782654,196,455,56,390,241,8
"347",2005,"Korea, Republic of",2880,0.120788260130212,-3,1131,62,308,45.4156328696642,107,460,17.9362463780732,-111,586,102,834,228,3
"348",2006,"Korea, Republic of",3900,0.175190281472169,-3,1793,68,233,26.1594462928546,84,686,-23.3216157234385,458,609,49,1075,299,78
"349",2007,"Korea, Republic of",4701,0.1074369935086,-3,2327,65,111,17.3669620337224,214,759,47.1360686452373,827,733,55,1137,286,166
"350",2008,"Korea, Republic of",3056,0.0672670184867457,-3,1290,41,127,37.7613307430495,77,655,39.9644547078642,-19,366,106,878,233,187
"351",1999,"Luxembourg",356,0,0,243,0,447.643217644941,6,0.27934282599017,0,-1,0,260,-13.0310153826052,55,9,-1262.9743469576
"352",2000,"Luxembourg",-83,0,0,-550,0,420.836513070701,5,0.130893706344068,0,-1,0,276,0.243736229487695,747,7,-564
"353",2001,"Luxembourg",-170,0,0,141,0,658.511189707627,5,0.196714952355251,0,-1,0,606,0.38865736767184,367,6,-1290
"354",2002,"Luxembourg",77,0,0,142,0,275.885319290133,6,0.329958375776187,0,-1,0,463.365497929932,0.166042712284252,271,7,-2346.19054088716
"355",2003,"Luxembourg",-865,0.328374046483077,0,132,0,437.199001338357,8,0.127965537947603,0,0,0,30,1,258,8,-1294
"356",2004,"Luxembourg",-1241,0.178926093038172,0,916,0,218.093211673847,28.630272402757,-58.4955726487678,0,0,0.378563343896531,24,-264.962043752819,-243,255.63296835194,-2829.59368076355
"357",2005,"Luxembourg",-785,0.193130749161355,0,1990,0,99.8609373058941,18.295822598487,4.00116683639592,0,0,0.0613244724227116,54,5.77806348240938,-3,31.6845843819224,-2474.55734954394
"358",2006,"Luxembourg",-2168,0.270360911265016,0,59,0,245.503201212096,20.9527282711564,-43.9710039529371,0,0,0.306579397642054,46,-13,132,-16.1201558017114,-2413.96816258566
"359",2007,"Luxembourg",-1170,0.323592324741185,0,1115,0,230.301096809042,30.1353815618154,155.035207333666,0,0,0.263466933276504,149.589708928475,86,1199,690.702550294761,-3584
"360",2008,"Luxembourg",-3067,-4,0,886,0,243.654035093541,104.667675219149,12,45.5525050087198,0,0.121862883330323,-293.660739789586,-342,1040,-1003.53268771703,-4751
"361",1999,"Malaysia",1801,1593.33066643388,-1,1208,2,42,1,12,1075,-12.89443876908,29.9316058640008,40,5,123,29,755.187223723059
"362",2000,"Malaysia",2750,1579.61431995252,-1,1533,1,113,1,15,1262,20,1,139,3,124,93,507.086522977531
"363",2001,"Malaysia",2277,1968.63040264384,-1,1188,1,64,1,10,949,11,3,195,5,103,90,1284.64440918484
"364",2002,"Malaysia",3164,3103.17412579525,-1,1997,4,81,1,11,1861,5,141.652444316017,112,5,187.868976432938,94,-90
"365",2003,"Malaysia",2961,1760.97974682618,-1,1613,-5,62,15.6193990272787,10,1429,16,313.217329876899,115,7,117,82,428.687175896989
"366",2004,"Malaysia",3282,1683.70677520771,0,1668,27,159,7,19,1402,8,-12,139,20,34.5503690217838,48,37
"367",2005,"Malaysia",3512,1645,0,1337,10,152,8,25,1085,11,-34.708712997927,167,22,256.490644888401,53,-713.417541174556
"368",2006,"Malaysia",4492,1675,0,2446,17,41,9,17,2236,-30.4395050093206,-6,210,29,5.17878342357608,43,-1037.62087522982
"369",2007,"Malaysia",4296,2202,0,1586,27,100,9.99134440231738,34,1357,24.2641128449774,90.4440559693252,280,32,219,38,-62
"370",2008,"Malaysia",6567,3441,0,2370,41,176,0,37,1982,-8.75166002411451,-14,269,36,1113.9901611634,38,530.913430090221
"371",1999,"Mexico",6467,88,56,4372,269,1261,82,-30.9114740644087,-430.559914598857,98.267871964222,1494.41256724897,364,-20,647,83,878
"372",2000,"Mexico",6712,99,7,4286,318,1539,93,25,-561,135,1030,400,-5,846,88,991
"373",2001,"Mexico",6391,58,35,4004,530,1391,113,32,-396,128,441,379,4,800,94,1016
"374",2002,"Mexico",6714,38,11,4368,227,1529,95,166.594434742757,-467,110,857,269,78,1103,69,778
"375",2003,"Mexico",7542,107,135,4542,792,1507,139,118.649427052363,-23,149,1074.2837519717,277,163,1338,70,909
"376",2004,"Mexico",7097,580,115,3896,489,1198,134,37,-41,126,1167,329,276,697,29,1173
"377",2005,"Mexico",9326,899,50.1564753711167,4558,589,1673,113,128,43,130,1166,787,297,1197,32,740.421958315634
"378",2006,"Mexico",10067,1393,103.097092448842,4843,697,1524,138,112,89,128,1286,766,523,1115,103,1537.47336221034
"379",2007,"Mexico",11618,1798,518.317784720762,5057,783,1646,150,134,70,244,1387,848,569,982,109,-46.1242781415293
"380",2008,"Mexico",10167,1000,187.978507617875,4768,867,1424,184,244,-83,267,1025.65052254433,478,611,729,118,-97.1852072540402
"381",1999,"Middle East R",1354,1289,0,1,17.2693038401867,69.9641478215526,1,-28.5731934193404,0,0,0,13,569.087224213824,34,5,446.99633148719
"382",2000,"Middle East R",2521,2579,0,-1,1,-2,1,5,0,0,0,16,2,118.112276658716,-11,-405.647210211518
"383",2001,"Middle East R",2176,2217,0,5,1,2,1,21.2747946117533,0,0,0,17,2,229.565637887706,-13,775.348550387586
"384",2002,"Middle East R",2347,2322,0,-4,11.3693903244501,-1,1,101.633497372407,0,0,0,17,3,369.790385924241,-19,106.999977045434
"385",2003,"Middle East R",2377,2324,-13.8877274605007,-1,2,-4,1,22.8691664369562,0,0,0,16,-67.0148965129073,162.014803777615,-33,-618.374850094242
"386",2004,"Middle East R",2859,2704,125.086651807706,-1,0,-32.4419728774584,-7.29307810137956,5.37181376830575,0,0,0,4,0.255843727616593,36,-51,837.324417265006
"387",2005,"Middle East R",3248,3468.36190362698,266.996355238831,3,0,-38.6705438116592,42.139865191096,-11.54277490966,0,0,0,7,-1,61,-52,102
"388",2006,"Middle East R",3756,2363.32144117625,-191.981189065425,314,0,-51.3532459563468,18.1270772706528,40.5467192878043,0,0,0,11,-1,256,-26,959.151959616831
"389",2007,"Middle East R",4729,1947.07631201647,88.0348808206708,786,0,102.76195488259,0.42110155231785,61.6052596182274,0,0,0,11,6,568,-52.1242650657363,71.0274896107877
"390",2008,"Middle East R",7611,2454.40638970531,-170.88837822317,882,0,19.1400573198312,0.18683605035767,-4.73801858551471,0,0,0,13,-131.559604813989,-596.272740920266,-98,-375.579680866162
"391",1999,"Netherlands",6092,198,21,2876,315,770,67,112,70,67,228,2816,50,1270,183,-1321
"392",2000,"Netherlands",7636,279,-201.04202505948,3909,470,1519,32,198,179,67,228,2790,-236,1405,124,-1723.10998571278
"393",2001,"Netherlands",7047,482,-218.710613249526,3274,422,548,15,287,135,24,237,2163,-483,1949,336,-2927.99732488208
"394",2002,"Netherlands",4915,603,82,3299,460,792,56,119,17,24,240,2192,-432,1295,161,-2285
"395",2003,"Netherlands",7018,372,6,3766,540,967,59,224,42,-5,365,2567,381,1603,511,-2188
"396",2004,"Netherlands",9623,452,-7,5377,708,1215,195,132,847,-419,463,1751,566,1709,802,-1027
"397",2005,"Netherlands",10380,457,83361.959228053,7575,521,2439,99,164,1431,-484,465,2589,378,1385,551,13776.3847886068
"398",2006,"Netherlands",8430,490,3,4973,1176,1548,78,209,304,47,525,1848,82,2392,829,-2186
"399",2007,"Netherlands",8651,374,1,5666,375,1582,149,326,1207,71,822,1603,334,3100,735,-3162
"400",2008,"Netherlands",6470,450,1,6344,260,1069,188,408,1776,40,965,1949,129,1643,607,-4653
"401",1999,"New Zealand",146,10,53.9129243097619,23,129.832644323244,37,4,2,-6,1,1,77,-20,89,6,-695.799645130772
"402",2000,"New Zealand",245,47,20.1760396930343,177,118.552032273836,31,3,2,-7,1,2,19,-3,110,11,-873.407508644751
"403",2001,"New Zealand",208,29,-82.7970317423541,62,30.775851700775,33,2,2,-6,1,1,42,-1,102,14,-784.78395885555
"404",2002,"New Zealand",233,46,-51.7815481852776,40,84.0134752912042,39,2,2,-5,1,1,92,-34,109,14,-301.974103643642
"405",2003,"New Zealand",469,47,243.118244175159,51,36.0508557606156,55,2,1,-6,1,2,115,-24,127,24,209.675581445573
"406",2004,"New Zealand",712,21,204.546200194661,349,120.900958303389,58,9,13,-7.9265191257864,6,1,102,31,135,48,-952.078394750531
"407",2005,"New Zealand",1050,31,-24.7768551072491,420,75.5833210576753,55,10,6,-17.053299250402,7,1,303,34,167,52,172.624055385915
"408",2006,"New Zealand",920,19,25.3135127453239,285,20.1166166254414,71,12,6,-71.609479755206,7,1,405,14,140,35,78.0643902555863
"409",2007,"New Zealand",818,-120,-185.08152858349,163,80.5834547420436,63,13,7,-56,20,472.396820496335,546,42,167,-23,1422.3698207007
"410",2008,"New Zealand",837,-144,30.4674437446996,217,71.74102158397,47,15,7,6,9,177.550060485418,520,20,178,53,1853.3201958378
"411",1999,"Nigeria",1752,1694,0,15,0,-6,0,0,0,0,0,-467.529322306245,0,-7,4,-465.723949331978
"412",2000,"Nigeria",3346,3298,0,13,0,-6,0,0,0,0,0,21,0,0,71.5573720936427,-762.320618751326
"413",2001,"Nigeria",2754,2688,-72.4421059472098,23,0,-7,0,0,0,0,0,6,0,0,6,-209.341659051144
"414",2002,"Nigeria",2120,2018,42.0342311837559,28,0,-7,0,0,0,0,0,29,0,0,6,1388.13535876152
"415",2003,"Nigeria",2981,2863,-112.436576407639,36,0,0.400484660756774,0,0,0,0,0,35,0,0,16,1079.89972095334
"416",2004,"Nigeria",3915,3825,284.750425219401,39,0,1,-2,-1,0,2.97931851029624,0,1.59635342395477,1,0.148814595188014,6,-124.513070916588
"417",2005,"Nigeria",5868,5893.31300651802,353.629454260009,32,0,97.1223970120731,-2,-1,0,-27.0090361050549,0,51.6809300072799,1,0.452463245368563,167.277916893468,-412.830619414943
"418",2006,"Nigeria",9580,5862.91421577608,64.8296702259922,40,0,-16.126743623361,-2,-18.0167897481086,212.536406373214,0,0,145.051776913419,1,0.45665982295759,355.168429181216,143.942208351173
"419",2007,"Nigeria",10435.1210774201,9627,-70.8597085788956,66,0,-36.1092520048932,-2,86.5809153237917,41.5614479886278,0,0,172.639509929099,1,0.483509884681553,485.036459928234,153.821306256998
"420",2008,"Nigeria",11581,11447,57.1584898049643,52,0,-102.900714661058,-2,52.1232250139571,7.72793909668808,0,0,-86.136100879773,1,0.421844380092807,-231.191602767515,-1812.9463531224
"421",1999,"Norway",2019,1691,0.297542612301186,116,50.2134136431253,10,-2,2,35,-34.4777721498678,0,95,-40,16,30,111
"422",2000,"Norway",5255,4867,0.409395431866869,141,77.4905025460734,24,-2,11,22,-1,0,142,-77,18,11,152
"423",2001,"Norway",4703,4224,0.0833503196481615,251,71.5162688272298,11,-2,75,12,-1,306.356866872427,137,-40,20,-1,112
"424",2002,"Norway",4431,4291,0.200296200229786,55,119.930130682752,11,-2,11,28,-106,-46.0630845272237,55,-110,24,6,111
"425",2003,"Norway",5170,4955,0.446217114222236,98,88.6454879248103,12,1,26,35,-116,-108.54711553427,-37,-3,38,40,80
"426",2004,"Norway",7650,7176,1,215,84.4512050835204,23,21.8134503586356,27,13,-89.4935143053179,-91.3880703514046,110,-28,-11,108,80
"427",2005,"Norway",8885,8051,1,625,206.060327602274,27,8.33303216666535,31,35,1,57.4399809032689,131,23,0.216484852251597,34,21
"428",2006,"Norway",10471,10028,1,329,174.247929294604,27,21.390680655893,50,35,1,75.4318738179115,192,29,58,4,-170
"429",2007,"Norway",14006,13592,1,421,159.927029626723,41,13.162637836316,113,61,1,-132.48289804405,119,14,18,42,-201
"430",2008,"Norway",20680,20550,1,284,89.2230726863303,28,33.174466502645,76,40,1,368.817362607,112,32,83,36,-417
"431",1999,"Other Western Hemisphere R",591,308.048576654368,0.36618622939568,48.5992135807173,11,30,7,0.453337877523154,0.145875703194179,0,0,110,-1,64,2,3008.53248809094
"432",2000,"Other Western Hemisphere R",1070,362.579258457419,68.6561325204048,81.0384218514149,8,63,9.52904011362199,0.0737156060058624,0.435666131787002,0,0,146,-1,472,4,1227.49373861287
"433",2001,"Other Western Hemisphere R",1351,523,-21.6933200911948,117.425358561327,7,94,15.6985986595907,0.430089749977924,0.296670151758008,0,0,223,79.6338360431422,449,5,363.370558419151
"434",2002,"Other Western Hemisphere R",1664,376.984804104916,-41.0931187279548,36.8257963111996,-10.8699113468734,53,-6,0.219526304863393,0.47618135320954,0,0,31,-212.864987828927,536,11,123
"435",2003,"Other Western Hemisphere R",1591,307.000527670622,234.119448295362,147,8.36984586086027,136,11.7179458495509,0.273531659971923,0.487542769405991,0,0,114,-312.086041892767,439,12,901.34274302989
"436",2004,"Other Western Hemisphere R",2385,572.575295457508,109.234237441776,174.013825811403,15,150.805330175202,8.06552112599401,0,0.142974510206841,0,0,80,34,168,162.974686573663,1449.71558777266
"437",2005,"Other Western Hemisphere R",3025,574.584019055369,261.200857473461,842,29,173,38.3447831013778,0,0.0573729296447709,0,0,150,38,549,29.7459712934477,851.337129855988
"438",2006,"Other Western Hemisphere R",4605,178.458624692481,284.251550930623,509,15,120,11.5015485589719,0,0.023310883087106,0,0,167,2,748,-88.6071787816025,1630.66637445416
"439",2007,"Other Western Hemisphere R",5058,276.79696005565,221.354790105613,571,18,106,16.3189884308464,0,0.141272163717076,0,0,197,29.0475665797071,758,-76.2027930130549,487
"440",2008,"Other Western Hemisphere R",7931,353.544085407314,272.752351363381,105,15,88,8.48635376469195,0,0.035762048792094,0,0,258,-40.8768013959694,535,9.35919487851493,2153
"441",1999,"Panama",64,-12,199.375656124797,2,28.116096048609,20,0,0,0,0,0.0243362570181489,55,0.1112451471854,22,-18.8764777122942,-3
"442",2000,"Panama",-46,-29.7557448613923,135.61416658853,-151,1,6,0,0,0,0,-25.7793154687025,38,0.404562034644186,42,-2,-3
"443",2001,"Panama",14,-60.5005877092184,294.730889353672,-5,1,7,0,0,0,0,181.874515543446,54,0.182511541526765,15,4,-64
"444",2002,"Panama",214,23.2109131290241,194.238482779677,16,2,4,0,0,0,0,-244.324621463381,10,0.0237499694339931,195,4,-14
"445",2003,"Panama",160,-3.64891035234597,21,22,1,11,0,0,0,0,0.355885336990468,36,0.0367272839648649,2,5,-181.653414228024
"446",2004,"Panama",201,61.0637825648558,18,12,39.8797985520186,12,0.0975898337783292,0,0.0258128579007462,0,0,31,2,-1,2,385.662596928023
"447",2005,"Panama",128,19.7623383133079,84.6387051543211,32,29.6308593763151,32,0.345705573563464,0,0.440623506437987,0,0,24,2,8,3,62
"448",2006,"Panama",165,-4,0.178999061812647,19,68.1228216287333,19,0.312131945975125,0,0.35308664443437,0,0,23,2,15,4,106
"449",2007,"Panama",728.076352654039,-4,0,0.259699045680463,88.9610238060185,-1,0.307708732318133,0,0.147842486505397,0,0,-1,2,11,5,714.816653608358
"450",2008,"Panama",377,-5,281.887582098633,1,55.3111481202088,0.0436545609263703,0.332642161403783,0,0.0612199407769367,0,0,39,2,20,6,197.697759617291
"451",1999,"Peru",152,117,22,24,4,13,-15.9439832095521,0.455073418677785,0,0.0645703891059384,-1,5,433.484342668233,36,2,862.649016303423
"452",2000,"Peru",333,395,14,20,4,16,-2,0,0,0.476028455421329,-1,-38,-99,12,3,25
"453",2001,"Peru",242,244,40,21,7,10,-2,0,0,0.115672994754277,-1,-22,-79,20,4,13
"454",2002,"Peru",284,276,-49.7008203382896,41,10,19,-2,0,0,0.412815689458512,-2,-34,-55,21,4,810.65994711915
"455",2003,"Peru",677,581,42,51,8,13,-1,0,0,0.115738713066094,-2,-19,-11,18,5,11
"456",2004,"Peru",1731,1548,-106.527745135652,94,0.394919540383853,51,4.08625724902658,21.8478365670512,0.0624231596011668,0,0,16,5,219.281084508496,2,19
"457",2005,"Peru",2400,2187,240.177410120559,108,7,48,38.4698619486373,151.675908008738,0.0176309474045411,0,0,3,16,180.561278808995,2,15
"458",2006,"Peru",3054,2816,43,133,10,61,3.87444517283064,96.8345646861284,0.329064040444791,0,0,65,16,362.803629249419,-12.0457554455204,-44
"459",2007,"Peru",3360,2931,279.44724118877,160,7,67,35.9174897316078,95.127441914146,0.323173392564058,0,0,168,20,371.264550503041,12,-26
"460",2008,"Peru",2342,1932,463.974113014472,163,19,35,-7.17904734432753,64.5932149026396,0.422437921050005,0,0,156,25,1944.20794317418,51,-11
"461",1999,"Philippines",835,0.310885055339895,109,550,33,162,27.7924641787579,26,190,8.494460795781,-296.746344427681,90,5,100,7,-27
"462",2000,"Philippines",829,-62,109,708,45,180,-1,32,302,41,380.697923097104,39,7,120,21,-113
"463",2001,"Philippines",984,5.49781005531252,158,674,53,453,0.46984019014053,11,49,21,308.744287109713,130,7,109,12,668.163944697744
"464",2002,"Philippines",1159,-19.9087226131964,455,508,34,433,0.0264838887378573,13,-48,7,-259.232386813497,39,7,124,12,363.515575341678
"465",2003,"Philippines",1108,-27.0983846583414,388,400,44,126,0.248089654720388,14,132,-8.3879626470117,403.378775129499,55,8,153,11,630.576049400624
"466",2004,"Philippines",1396,-42.3302899876334,546,460,43,186,0.0536340575199574,22.8405515420971,127,6,17,47,9,335.903603023347,12,29
"467",2005,"Philippines",1476,42.6571298585565,355,461,28,170,0.352704636286944,36.7148876049033,164,9,13,71,9,274.631237494822,19,132
"468",2006,"Philippines",1755,37.3746144628824,-41.993428440755,720,67,181,0.00666778907179832,11.6621514055474,363,9,188.141594349598,40,10,195.809111726498,28,214
"469",2007,"Philippines",1692,28.5330884639797,-41.8979059869129,741,63,229,0.213926128577441,49.6094141503268,304,20,216.944412546303,61,10,259.701199094331,61,300
"470",2008,"Philippines",1893,23.2442640070865,335.412049906835,766,135,219,0.42303464084398,20.0316472579718,261,17,624.620383233978,51,9,924.4078670261,4,373
"471",1999,"Poland",-38,-2,-40.2904980835275,265,45,88,14,6,125.891379513572,-21.0707556450975,-105,-61,-290,25,16,224.143428524834
"472",2000,"Poland",-42,-2,9,262,30,58,10,4,1,-2,-17,22,-406,66,5,3
"473",2001,"Poland",45,0.12512419000268,8,315,74,83,8,7,1,1,-32,79,-400,64,-28,7
"474",2002,"Poland",141,0.318037953809835,11,419,93,74,8,7,-13,-5,51,70,-453,80,0.0334327013697475,14
"475",2003,"Poland",938,0.130611784523353,253.342073648238,774,141,87,20,7,77.1861190863209,1.95196886667591,191,99,-69,100,15,1126.51252175109
"476",2004,"Poland",1534,0,-3,1132,127,156,85,23,39,-10.4944146747854,276,84,145,95,59,22
"477",2005,"Poland",1411,0,314.61165373864,1068,235,167,30,31,38,-25,132,72,21,142,69,-135.929254016518
"478",2006,"Poland",1802,0,72.8442524626344,1379,220,209,72,41,41,0.487998848082498,286,190,3,156,34,-624.70647073919
"479",2007,"Poland",2290,0.429072088678367,-7,1630,251,210,152,42,37,-4,306,335,68,209,41,13
"480",2008,"Poland",2356,0.0457817302085459,-7,1619,303,258,153,39,65,-19.9377294476217,212,335,-55,247,53,164
"481",1999,"Portugal",1101,0,0,308,46,65,3,73.5939488718269,90.9145931751858,5,42,227,-27.2928008246891,20,22,1005.51271139963
"482",2000,"Portugal",708,0,0,226,48,38,3,10,31,7,20,286,240.713170209427,33,22,715.803045615699
"483",2001,"Portugal",529,0,0,263,45,63,3,12.3007758894635,29,-3.04110937184844,24,333,-73.8831646090862,4,13,254.006118297841
"484",2002,"Portugal",1204,0,0,334,40,69,4,-20.9601185962151,50.7542625190784,5,33,254,9,1,5,601
"485",2003,"Portugal",1180,0,0,409,50,63,4,46.7459692971298,35.9221426553764,-23.5187879912955,34,323,4,-3,8,439
"486",2004,"Portugal",1061,0.457680105464533,0,456,37,91,0.0241791167063639,43,55.0618484963235,5.99319892669832,30,265,36,69,90,145
"487",2005,"Portugal",848,0.181916188681498,0,386,37,64,2,41,-1,61.2145485549006,31,295,41,36,70,20
"488",2006,"Portugal",956,0.141229342203587,0,387,35,69,3,47,3,-10.8547458783349,4,238,48,21,97,165
"489",2007,"Portugal",961.574023826263,0.222221790114418,0,452,39,182,3,20,2,12.3345538062926,22,297.351802036148,19,34,61,98
"490",2008,"Portugal",968,0.0869445956777781,0,324,44,140,1,14,107,-20.5655537204093,-36,535,13,-19,68,47
"491",1999,"Russia",-568,-95,0,-358,-63,-213,-42.7511828429188,31.2114838917954,-41.8155524709161,24.7812135132607,2,-41,-17,9,-10,-56
"492",2000,"Russia",-344,-25,0,-51,1,20,0,-6,3,-12.4260520202551,-10,-30,14,74,-11,-315
"493",2001,"Russia",188,-13,0,176,16,16,0,-6,3,35.3114786200878,-10,30,-13,77,-7,-61
"494",2002,"Russia",464,16,0,272,51,35,0,-6,4,-5.21255825523251,-6,74,4,88,-7,18
"495",2003,"Russia",633,-31,0,456,64,72.5611477204572,0,-7,-61.8798064283527,-15.4344581847962,180.093406701399,147,17,-5,-7,55
"496",2004,"Russia",911,-121,0,634,113,142,0.291816404671408,10.3406754937002,3,0.274676075205207,683.991292110333,211,24,-12,26,148
"497",2005,"Russia",1052,-176,0,823,205,210,0.0194457243196666,14,10,0.291098661022261,613.146820144844,169,2,10,30,193
"498",2006,"Russia",1371,-138,-3,985,234,320,-8.99733451783078,-8.74773895270088,11,0.271620322251692,-670.473443566895,327,-1,12,13,176
"499",2007,"Russia",3293,1241,-3,1536,429,376,28.5592100144215,54,16,-0.837905850054517,115.905356099858,351,-2,-424.184351276348,35,-293.939794085317
"500",2008,"Russia",3710,1430,62.346401866605,1637,441,277,48.58562207553,60.3774925724445,7,-22.9913079386112,-361.158853285072,313,21,1449.44222836297,42,244
"501",1999,"Saudi Arabia",181,18,0,16,0,260.862685899356,9.41402538104098,-107.004851744365,1,0,0.193131967913359,53,104.843901496069,379.065395595025,2,1634.06778220132
"502",2000,"Saudi Arabia",95,24,0,17,0,9,3,4,1,0,0.132358509115875,51,91.5672562923713,587.236516468925,-9,-201.888759940893
"503",2001,"Saudi Arabia",-42,27,0,16,0,9,2,3,1,0,0.482392659294419,6,435.981637434153,507.653557377085,-22,-14
"504",2002,"Saudi Arabia",-218,46,247.098632627851,16,0,10,3,2,1,0,0.482095375657082,-25,109.985976937788,370.315230157848,-23,-38
"505",2003,"Saudi Arabia",-56,29,6.66022737683843,-99,0,12,4,2,151.568404218637,0,0.39738833764568,33,0.282212963444181,509.619702067603,-16,241.008668257956
"506",2004,"Saudi Arabia",-141,81.1550869055099,8.48309482117095,-169,0,77.7203839229785,0,-5.16372793560101,-18.2229682531836,0,-9,34,169.167046777973,266.288591535341,10,-48
"507",2005,"Saudi Arabia",224,51,-172.737528725679,92,0,26.754652238524,0,62.718964927088,69.5617661800896,0,-9,37,-160.885990670902,529.516855751748,12,19
"508",2006,"Saudi Arabia",100,67,215.223218313446,48,0,19,0,43.7580871225877,47.357452363895,0,-9,9,-15.6326833344784,344.755907451612,4,-39
"509",2007,"Saudi Arabia",164,135,119.596592859066,59,0,21,0,21.9202671416692,-3.06612642159107,0,-9,-21,-129.11275198786,311.510218743163,-48.6415722374962,5
"510",2008,"Saudi Arabia",148,196,0.211470530717634,10,0,24,0,-24.6268648692419,0,0,-9,-31,1,1686.30325608609,93.4821953555322,-43
"511",1999,"Singapore",4887,8,0,3874,-8.56873124935765,760,16,109,2687,59,156,425,-30,480,21,109
"512",2000,"Singapore",8404,-1,0,6379,5,201,15,104,5677,67,129,1263,198,413,4,148
"513",2001,"Singapore",5151,18,0,3303,3,194,7,112,2792,39,127,934,438,345,-44,158
"514",2002,"Singapore",5094,34,119.359165113379,3539,-4,936,0.0749630015343428,130,2138,38,251,726,241,437,-6,-115.100567545491
"515",2003,"Singapore",6638,-24,279.104107747646,4534,7,1202,5,146,2491,88,332,1050,326,628,11,1230.16571141744
"516",2004,"Singapore",8572,29,17.2058698901879,6146,7,1186,14,284,3696,17,283,1069,358,633,47,-332.457416948843
"517",2005,"Singapore",7745,65,2,3879,1,1640,21,242,1210,73,283,2177,533,841,67,180
"518",2006,"Singapore",11526,142,2,7224,0.327152592944913,2065,-9.70185259214538,290,3626,92,304,1757,212,1342,275,572
"519",2007,"Singapore",12841,178,2,7983,-1,2977,11,416,2903,50,878.703766755084,2092,833.870512062483,1087,496,1737.48012535061
"520",2008,"Singapore",13189,318.105162816724,2,7484,43.4809864378357,3023,29,434,2690,41,418,2022,664.227157662396,1611,276,-868.53161949001
"521",1999,"South Africa",198,-17,0,112,59.2336668627885,18,34,-7,3,-2.86383962199653,26,76,-57,48,37,-1
"522",2000,"South Africa",240,-12,0,197,-9,103,9,9,36.7766496474886,28,37,181,-215,45,26,19
"523",2001,"South Africa",121,-24,0,135,-2,37,9,14,68.0985069074316,-39,95,128,-284,33,17,116
"524",2002,"South Africa",526,-9,0,347,9,146,9,22,-99.3808518813013,1,115,120,-30,45,19,33
"525",2003,"South Africa",677,54.8447316445184,0,265,5,82,12,31,39.7497077583016,10,55,208,12,36,62,1043.33325782242
"526",2004,"South Africa",1363,40.8685165748837,0,677,-2,176,11,50,9,21,300,228,62,54,56,-198.249427058687
"527",2005,"South Africa",2285,151.94526143983,0,761,9,161,8,83.1462601420992,10,36.9534583327477,342,295,59,83,67,289.234024767306
"528",2006,"South Africa",2430,72.9889532897004,0,920,16,224,9,44,6.94076862930001,59.2481360203553,397,320,51,63,67,624.342176480076
"529",2007,"South Africa",2307,2.4447668010793,0,717,46,192,16,67,21,17.4962217113302,190,368,49,83,48,580.142635227621
"530",2008,"South Africa",1949,39.2042344424083,0,484,31,138,17,58,-27.1677809917386,30.3500343941337,54,345,53,73,154.749591576811,-367.60598231674
"531",1999,"South America R",157,45,80.480922927959,37,13,3,0,0.106882274732925,0,0,-3,36,257.640895354558,-59.1809321604299,10.4982061349725,-10
"532",2000,"South America R",217,97,8,49,15,4,0,0.243533255765215,0,0,-3,54,24,2,-1,-16
"533",2001,"South America R",218,175.310874870462,31.3822292716713,74,23,4,0,0.0447959076846018,0,0,-3,42,9,1,-1,172.023074998797
"534",2002,"South America R",169,194.75783091251,4,64,40,5,0,0.389700966421515,0,0,-4,31,19,1,-2,40.1154743219967
"535",2003,"South America R",198,245.816807167413,6.14265804681652,65,55,6,0,0.245086307986639,0,0,-4,40,28,1,1,-18
"536",2004,"South America R",319,220.298614870239,15,185,36.3418323226031,12,-2,0.217666368465871,0.443527433671989,0,264.081181690828,24,29,-10,-2,-84.7896371914237
"537",2005,"South America R",253,151.068526025818,-53.8164486801554,114,22,13,-2,0.366808876628056,0.142397731193341,0,-97.0795119164883,20,299.69153437115,8,-2,-361.401068891795
"538",2006,"South America R",256,80.8067342711583,116.497369149772,93,79.2086114922718,15,-2,0.133973821182735,0.220970926922746,0,-47.734034908509,17,60.4448064027503,-3.38836628720564,-1,26
"539",2007,"South America R",362,125.242614486221,0,130,81.5022745595925,17,-2,0.077542184619233,0.429950539604761,0,138.474399542439,26,540.702627487297,7,44.0231495669601,13
"540",2008,"South America R",430,289.520818907397,0,217,59.2620233942529,19,-2,0.261038043070585,0.266511849826202,0,130.663671864016,101,165.21130368741,-1,-56.7546182414567,11
"541",1999,"Spain",2897,77.9417360661269,17.5741131305937,2285,131.008547127187,994.331417764482,250,235.812427416166,77.8782430524595,81,543,423,57.1987393619424,86,111,405.644332247324
"542",2000,"Spain",2575,11,15,1813,82,578,350,165,111,65,197,548,44,-68,98,115
"543",2001,"Spain",2366,11,21,1350,81,548,241,151,46,65,-78,661,15,154,108,46
"544",2002,"Spain",1924,10,17,1283,120,580,259,175,-6,23,-132,571,-36,158,-38,-41
"545",2003,"Spain",3229,14,14,1687,178,783,113,222,-4,78,51,909,0.483355683740228,269,42,293
"546",2004,"Spain",3333,45.983969250225,2,1868,135,925,127,208,11,57,-45,895,39,257,309,1971.95569861555
"547",2005,"Spain",3851,12.4356814780908,-238.361922414391,2045,134,1043,243,161,106,234,-349,1159,43,486,282,-181
"548",2006,"Spain",3683,77.2931269908274,-236.01367723181,2115,150,720,449,301,-109,61,93,1126,40,283,411,-239
"549",2007,"Spain",4240,538.419416291556,-98.0909731377449,3709,138,1494,483,238,143,70,315,971,88,199,109,-848
"550",2008,"Spain",2378,25.3600607718677,286.745382806472,1915,128,1644,36,44,77,37,-396,1005,-10,428,97,-1109
"551",1999,"Sweden",1338,0,0,893,40,427,40,24,49,3,473.096637814785,268,166,27,40,-55
"552",2000,"Sweden",1312,0,0,588,32.9390070495582,-15,39,33,39,10,-426.322710171243,624,93,36,55,-85
"553",2001,"Sweden",961,0,0,412,13.7545201922151,-31,28,14,50,-73,-691.650523359189,266,140,218,48,-123
"554",2002,"Sweden",1928,0,0,228,2.65480030940316,678,32,33,46,-25,-539,167,-356.434881411905,224,40,754.201031043195
"555",2003,"Sweden",1709,0,0,1445,45.6358568836682,610,57,10,18,-31,797,286,281.243112473621,314,120,369.977426894207
"556",2004,"Sweden",2634,0,0,1656,17,1110,101,-7,98,273.054123899621,267,1229,141,332,132,-856
"557",2005,"Sweden",1369,0,0,24,24,-699,67,44,90,325.260751063735,330,1277,-20,223,171,-306
"558",2006,"Sweden",1740,0,0,599,45,61,127,77,111,-10,-131,1312,-10,467,154,-782
"559",2007,"Sweden",1355,0,0,871,29,289,160,88,132,10,-228,-192,14,479,615,-432
"560",2008,"Sweden",-1065,0,0,-177,11,320,159,98,-155,-1,-945,794,60,-754,194,-1183
"561",1999,"Switzerland",3554,6,0,1263,135.865094686527,384,12,69,336,19,29,2091,36,351,9,-202
"562",2000,"Switzerland",-3739,3,0,1597,39,424,12,52,373,37,29,-1076,141,-4412,-134,142
"563",2001,"Switzerland",-3472,10,0,868,-106.718545478549,358,11,70,202,5,37,-4339,-495,-44,312,215
"564",2002,"Switzerland",4306,6,0,1117,13,486,8,53,82,36,30,2025,-216,312,181,882
"565",2003,"Switzerland",5243,12,0,1461,22,560,12,76,149,61,33,3226,22,219,453,-149
"566",2004,"Switzerland",8854,813.098098911188,0,2164,81,836,34,84,112,109,272.529970799711,5462,200,307,742,-556.796381159372
"567",2005,"Switzerland",11089,1530.48808108776,0,2805,120,1142,16,364,158,123,48,6520,285,749,570,295.366325260787
"568",2006,"Switzerland",14033,1490.12356834926,0,3842,65,1729,-3,432,289,242,63,7325,352,1097,290,-722.677442391726
"569",2007,"Switzerland",15515,2806.97002149769,0,6680,91,3498,9,846,505,455,70,7482,226,488,418,-618.762291935507
"570",2008,"Switzerland",18415,2712.08711485277,0,7734,128,3484,9,692,435,880,1297.5466105398,6028,445,2232,387,-1369.45846106737
"571",1999,"Taiwan",1273,0.446016694884747,0,494,10,236,3.63466678920939,23,226,-1,7.24256970525107,300,8,437,28,6
"572",2000,"Taiwan",1706,0.367869912995957,0,662,26,233,38.7934054211776,57,263,3,-265.527110576324,329,15,630,29,41
"573",2001,"Taiwan",1222,0.437941231997684,0,415,29,153,7.86609221866953,51,126,9,466.108991738735,183,17,542,19,46
"574",2002,"Taiwan",1267,0.121309121488594,0,392,37,211,1.86177827527484,30,32,1,-159.197127913145,201,2,584,27,63
"575",2003,"Taiwan",1721,0.0022918963804841,0,671,22,273,12.6298142895796,40,236,7,-59.3381516767547,292,23,620,28,87
"576",2004,"Taiwan",2362,0.221144955721684,0,880,42,276,26,20,328,14,-283.167096176398,592,37,695,45,113
"577",2005,"Taiwan",2371,0.404390169074759,0,1067,17,280,30,38,370,16,116.786660743852,498,48,564,156,38
"578",2006,"Taiwan",2586,0.24180062871892,0,1230,15,178,16,38,411,18,295.218931180376,481,58,632,154,32
"579",2007,"Taiwan",3225,0.49999457236845,0,1564,17,218,23,47,559,21,235.250978913466,500,108,965,104,-16
"580",2008,"Taiwan",3236,0.0636039269156754,0,1989,18,185,18,58,461,47,6,405,177,537,106,22
"581",1999,"Thailand",874,359,0.48579750850331,262,14,78,10,21,341,3,-34,73,-2,157,64,-39
"582",2000,"Thailand",1335,663,0.431759923114441,410,14,95,12,34,340,3,-66,24,-2,217,103,-81
"583",2001,"Thailand",1318,554,2,464,51,101,29,53,161,4,-38,59,-2,168,113,-39
"584",2002,"Thailand",1306,645,15,276,38,113,40,26,111,4,-57,0.301051624235697,-2,237,129,6
"585",2003,"Thailand",1875,967,12,438,11,124,26,42,162,8,0.111332448548637,51,-2,280,133,-3
"586",2004,"Thailand",2962,1238,134.734002053372,1073,31,159,22,58,195,-2.32649720324689,118,148,4,264,53,1071.94367930275
"587",2005,"Thailand",3056,697.9071547251,14,1031,53,155,23,76,226,33.5482425886203,134,115,4,790.520630862675,39,59
"588",2006,"Thailand",4040,756.702846149677,71.6262891733582,1385,86,261,26,74,415,-5.36846611942144,60,268,4,273.602937751729,66,97
"589",2007,"Thailand",4477,1087.68433798535,51.0702548284734,1543,85,297,20,82,462,32.1759390095947,45,256,4,620.724069185108,68,123
"590",2008,"Thailand",5710,1098.22875279224,441.857656945834,1986,82,276,23,85,1158,-10.1826239995433,132,358,4,862.964905417472,89,89
"591",1999,"Turkey",278,0.490241102292202,90.7576683380095,196,-5,85,41,0.335056289215572,-2,-0.062919654130576,29,90,-1,-23.1503180028023,-2,-13
"592",2000,"Turkey",269,0.00156204518862069,251.235613016669,156,12,107,6,0.266630561440252,-2,2,26,105,-1,6,-3,763.725244081329
"593",2001,"Turkey",92,0.461871807696298,152.093943456303,88,5,18,34.4576953162992,0.456259327824228,-2,2,59,33,0.284665886778384,8,-5,-35.3717676047664
"594",2002,"Turkey",250,0.136103961383924,-145.908027159715,160,25,32,32.5678088958994,0.0644205507123843,0.282454044208862,2,29,90,0.310953673673794,8,-2,-24.5027944878086
"595",2003,"Turkey",414,0.448092222213745,91.1089593376256,302,46,51,41.892536621454,0.0446881812531501,0.423362769419327,0.127733804518357,105,123,0.392273599747568,4,-3,44.7956575599596
"596",2004,"Turkey",432,-1,114.612163727846,253,30.0604022951246,22,5.71171267869146,-28.1757224291387,18.8879305642393,0.472820652299561,38,125,12,48.9062790262651,14,12
"597",2005,"Turkey",436,-1,65.490421938692,261,42.3148311326014,45,27.6846173425637,-39.4009461582272,112.989958595145,0.11915121646598,7,130,13,341.318405537153,4,16
"598",2006,"Turkey",1396,-1,139.138350805626,640,85,112,46.457773244142,-24.4631069728591,137.310618402055,0.229045180371031,89,697,15,552.370205867549,4,17
"599",2007,"Turkey",1343.95347566871,-1,-172.324885388873,940,87,291,48.469333115687,-38.5705122278383,47.5271480735556,-32.4760552850091,87,897,14,-28,19,-324.721638942417
"600",2008,"Turkey",1996,-1,471.0957193197,1098,105,302,7.34849569231548,42.7803962396573,12.8988808827909,48.1383762197755,65,893,16,-37,1,1167.1039540074
"601",1999,"United Arab Emirates",265,179,0,19,0,17,0,0,0,0,0.332819519680925,59,-1,111.459652973254,-1,341.202177355496
"602",2000,"United Arab Emirates",410,212,0,30,0,23,0,0,0,0,0.271815162501298,153,96.0408346095888,14,-3,-217.725924835017
"603",2001,"United Arab Emirates",759,353,0,32,0,22,0,-20.7523261441648,0,0,0.130482419859618,389,80.3604409236287,9,-2,3.69007642837314
"604",2002,"United Arab Emirates",429,291,0,42,0,21,0,-29.5988562558907,0,0,0.261621350073256,69,188.69409835396,9,1,656.26062905503
"605",2003,"United Arab Emirates",400,261,0,72,0,51,0,3.35526411179023,0,0,0.234605985344388,63,-286.022612340653,11,-3,85.553478029408
"606",2004,"United Arab Emirates",702,426,0,131,-118.046966018366,78,37.1584723828935,26,-224.378384856342,-128.68012538355,0,86,-441.956382376033,-562.550523419849,5,5
"607",2005,"United Arab Emirates",60,-349,0,199,351.9973600045,142,-14.8416299291692,29,323.3726449811,121.581525423411,0,107,691.693113509528,2718.51840285182,6,48
"608",2006,"United Arab Emirates",1412,978,0,219,-100.370018013085,135,-5.42533499258342,49,139.570262760521,163.076009389585,0,160,1498.64080727007,-1020.48064316414,13,-65.318927252158
"609",2007,"United Arab Emirates",3052,603.839563769166,0,220,67.7306645434092,138,48.2119863422991,45,-39.9157584305665,-3.89392943864677,0,246,130.124091796122,225.167547656546,20,-58
"610",2008,"United Arab Emirates",4526,318.569510445016,0,279,22.3024837648675,132,-8.76770616305894,85,11,70.0414173722855,0,376,380.612581262728,49,196.214896959984,-209
"611",1999,"United Kingdom",16269,2716,1784,5403,1021,1954,145,449,640,31,411,3208,76,2509,623,-50
"612",2000,"United Kingdom",21253,5640,1804,8569,1108,1943,133,93,1179,31,1948,2505,-328,3288,1030,-1254
"613",2001,"United Kingdom",8252,5307,1205,2792,960,1374,-78,107,213,39,-833,1668,-2660,425,788,-1274
"614",2002,"United Kingdom",12668,4130,401,3890,1326,1782,-43,245,280,-145,-871,1984,326,1813,908,-783
"615",2003,"United Kingdom",18832,5342,874,4968,1437,2383,98,90,94,15,-278,2010,453,4631,1120,-566
"616",2004,"United Kingdom",16295,6782,736,3613,1191,1651,196,-496,42,110,-1667,2663,597,2817,1861,-2775
"617",2005,"United Kingdom",36778,8664,743,6897,1225,1586,102,18,441,182,-1495,9758,2947,5964,1964,-159
"618",2006,"United Kingdom",34411,9100,1004,7404,1121,1556,233,725,323,159,-1648,9765,1418,5047,2393,-1720
"619",2007,"United Kingdom",33299,7753,786,13439,1614,1748,296,798,846,219,1963,5109,781,5683,2654,-2906
"620",2008,"United Kingdom",29528,10503,1095,13100,1725,2567,340,921,959,49,213,6444,1741,-1346,2608,-4615
"621",1999,"United Kingdom Islands, Caribbean",1857,105,-7,143,9.30554768525525,-10,-30.3163325908388,0.184116157703102,0.0813270208891481,0,0,-138,26,932,166,631
"622",2000,"United Kingdom Islands, Caribbean",62,91,-9,76,8,0,-19.78767777171,1,114.176164524318,0,0,-123,30,1098,143,-1245
"623",2001,"United Kingdom Islands, Caribbean",673,203,-8,22,4,0,-15.629550567263,0.0801326051587239,-6.41824748652996,0,0,226,321.735251205511,1361,13,-2612.95957991849
"624",2002,"United Kingdom Islands, Caribbean",1012,181,-146.794914800894,717,17.803182911522,0,-34,0.0575435975333676,-39.7690505348749,0,0,105,12,641,28,-893.213576361533
"625",2003,"United Kingdom Islands, Caribbean",1841,79,-266,-91.5166250396053,133.292724028596,0,-39,1,-186.809349068201,0,0,421,17,1134,186.123272378959,-336
"626",2004,"United Kingdom Islands, Caribbean",3095,18,574.650513379604,124,-0.328772538085991,-40.117061549856,-47.3124169850457,0.112630853662267,-12,0,0,1096,738.228756383219,1523,8,-45.2414531275863
"627",2005,"United Kingdom Islands, Caribbean",4854,46,31,235,12.2382232649079,243.505112662615,-16.457667662617,1,21.3938788956073,-22.4583430147996,0,1198,425.725013189207,2401,21.0463178135381,1049
"628",2006,"United Kingdom Islands, Caribbean",5925,188,31,105,58.3133833499098,476.763594389496,-12.5551887019702,0.0424210802884772,-81.851386529728,0,0,1394,169.005777549756,3404,10.853178538512,642
"629",2007,"United Kingdom Islands, Caribbean",7511,71,2,94,155.062691362955,1102.96433969653,3.24132544288094,0.128626505844295,-1,0,0,2019,1676.77819725207,5023,-58.0674845985919,79
"630",2008,"United Kingdom Islands, Caribbean",7185,286.411995387484,2,105,63.3033203315782,497.909606173576,-9.67600272762018,0,-1,19.1326469862462,0,2733,94.4778779188285,2620,392.832029413206,833
"631",1999,"Venezuela",511,73,-120.617713783918,127,51,164,-34,-43,0.0993770095519722,11.0922677645709,-41,-2,-30.9217203520407,21,65,14
"632",2000,"Venezuela",817,108,-99.8399761918768,164,33,137,-35,-12,0.192034527426586,6,2,49,100.559116171873,16,62,25
"633",2001,"Venezuela",1347,333,176,566,58,239,1,32,0.0520525396568701,8,63,61,671.91795969562,20,-226,-51.0629136333601
"634",2002,"Venezuela",793,176,106.383102199927,253,98,88,4,5,0.273414191207848,2,-43,-12,406.660843731367,66,105,14
"635",2003,"Venezuela",1356,376,-113.290420390962,492,130,143,10,26,0.496482659014873,3,-5,16,58.2986923750206,75,139,12
"636",2004,"Venezuela",2781,1304,141,850,90,265,11,21,0.0594081376912072,9,141,128,330.721919535078,-121.527797592887,87,27
"637",2005,"Venezuela",3387,1241,202.199661073224,1437,148,285,4,69,0.0580764528131112,11,227,105,8,-90.1585885186298,190,49
"638",2006,"Venezuela",3029,828,108.163834376977,1457,91,351,1.20902377019977,9,0.461677142302506,-45.6806455602185,241,126,15,216,126,-397.937406749052
"639",2007,"Venezuela",3017,240,0,2386,184,549,2,-5,0.410963034024462,-53.1315537992805,661,98,40,269,9,-25
"640",2008,"Venezuela",2968,307,0,1993,295,768,2,27.9768147564766,-31.7152256862279,27,418,153,144.422680066615,225,2,-869.658006512444
